player_id,squad,role,age,round,appearance_no,minutes,distance_per90,hsr_per90,sprint_per90,acc_per90,dec_per90,pii,offensive_index,defensive_index,technical_detail_available,goals_per90,finishing_actions_per90,key_passes_per90,chance_assists_per90,assists_per90,off_duels_won_per90,key_individual_actions_per90,recoveries_per90,interventions_per90,def_duels_won_per90,blocks_per90,box_actions_per90,key_losses_per90,errors_per90
FPL01,CII,DEF,21.5,Autumn,1,91.2,12944.3,785.1,161.5,131.1,163.1,11.39,4.1,22.4,False,,,,,,,,,,,,,,
FPL01,CII,DEF,21.5,Autumn,2,78.1,11448.4,713.8,124.6,103.9,160.0,9.75,4.6,16.9,True,0.12,0.4,1.29,0.35,0.16,0.92,1.02,4.69,3.37,3.3,1.44,1.34,0.0,0.5
FPL01,CII,DEF,21.5,Autumn,3,77.0,8901.7,629.9,192.8,117.1,109.5,11.87,4.8,17.1,True,0.0,0.32,1.71,0.21,0.19,1.98,0.78,4.06,3.56,2.71,2.29,1.83,1.21,0.28
FPL01,CII,DEF,21.5,Autumn,4,92.7,12485.2,606.2,141.8,104.0,160.9,10.02,1.2,21.7,True,0.0,0.03,0.1,0.06,0.21,0.85,0.0,7.75,2.5,4.44,1.9,2.0,0.05,0.44
FPL01,CII,DEF,21.5,Autumn,5,23.0,9064.5,557.8,107.3,87.2,102.0,2.79,4.0,21.5,False,,,,,,,,,,,,,,
FPL01,CII,DEF,21.5,Autumn,6,71.9,10195.0,518.2,105.2,84.2,110.9,7.51,4.2,21.2,True,0.17,0.0,1.12,0.65,0.13,1.32,0.2,5.44,5.26,4.23,1.65,0.79,0.0,0.3
FPL01,CII,DEF,21.5,Spring,7,77.9,10923.3,688.7,126.4,108.0,126.6,9.61,3.1,16.8,True,0.23,0.53,0.82,0.12,0.0,1.28,0.09,6.12,2.66,2.99,0.75,2.34,0.93,0.12
FPL01,CII,DEF,21.5,Spring,8,82.7,10126.1,417.8,84.1,107.7,118.5,8.14,3.7,18.8,True,0.0,0.34,1.45,0.43,0.03,0.0,0.96,3.5,5.59,3.44,1.64,1.3,1.18,0.0
FPL01,CII,DEF,21.5,Spring,9,34.5,10654.5,556.3,93.6,92.3,103.6,3.53,3.4,21.4,True,0.0,0.08,1.45,0.14,0.06,1.48,0.58,4.56,4.07,3.02,2.46,2.75,0.0,0.0
FPL01,CII,DEF,21.5,Spring,10,83.7,12753.6,524.4,111.2,98.0,121.1,7.41,2.0,18.4,True,0.0,0.08,0.81,0.28,0.09,0.54,0.0,5.33,2.93,4.02,1.97,1.4,1.08,0.0
FPL01,CII,DEF,21.5,Spring,11,57.8,9915.8,614.5,105.2,98.5,98.3,6.79,4.1,16.8,True,0.0,0.39,1.55,0.58,0.28,0.15,0.29,3.99,3.96,3.73,1.79,1.13,1.06,0.68
FPL02,CII,MID,20.3,Autumn,1,56.6,11230.6,603.8,119.2,169.6,152.1,7.19,11.7,8.8,True,0.13,1.22,2.9,0.67,0.48,3.31,2.93,3.35,1.85,1.5,0.73,0.59,0.3,0.62
FPL02,CII,MID,20.3,Autumn,2,91.4,10293.3,771.0,103.7,164.7,117.2,13.24,8.6,11.6,True,0.0,0.38,2.88,0.56,0.46,2.4,1.87,2.74,3.31,2.4,0.83,0.78,0.86,0.27
FPL02,CII,MID,20.3,Autumn,3,32.8,8963.9,619.1,96.8,146.7,139.8,4.9,10.1,6.8,False,,,,,,,,,,,,,,
FPL02,CII,MID,20.3,Autumn,4,72.4,11471.6,534.6,88.8,135.4,118.2,7.42,7.0,7.4,False,,,,,,,,,,,,,,
FPL02,CII,MID,20.3,Autumn,5,58.0,10143.2,753.0,112.0,156.5,136.0,8.6,10.8,11.5,False,,,,,,,,,,,,,,
FPL02,CII,MID,20.3,Autumn,6,20.1,11020.9,835.8,129.3,132.8,131.7,2.84,11.2,6.7,True,0.2,0.76,2.43,1.29,0.32,4.08,1.74,0.0,1.28,3.11,1.51,0.0,1.6,0.0
FPL02,CII,MID,20.3,Autumn,7,73.4,11614.2,744.2,102.0,154.2,127.3,9.23,9.5,10.5,True,0.12,0.17,2.28,1.39,0.33,4.77,0.43,4.3,1.68,1.39,0.66,1.76,1.2,0.24
FPL02,CII,MID,20.3,Autumn,8,68.8,10965.1,706.3,124.9,123.3,134.9,8.85,9.4,9.2,False,,,,,,,,,,,,,,
FPL02,CII,MID,20.3,Autumn,9,83.3,10917.5,758.6,104.5,133.8,124.0,10.91,8.6,4.3,True,0.08,0.27,2.92,0.54,0.37,3.41,1.32,2.72,0.66,1.09,0.24,0.43,1.06,0.73
FPL02,CII,MID,20.3,Autumn,10,40.9,13100.7,888.5,120.9,138.2,99.5,4.83,9.7,5.6,False,,,,,,,,,,,,,,
FPL02,CII,MID,20.3,Spring,11,36.2,13600.0,798.3,158.7,163.2,118.5,4.26,10.2,9.0,True,0.12,0.23,3.08,1.06,0.38,3.73,1.42,2.79,2.5,1.21,1.08,0.87,1.34,0.57
FPL02,CII,MID,20.3,Spring,12,82.0,13116.1,770.8,147.6,185.0,160.0,10.52,8.6,8.2,True,0.0,0.0,2.46,0.74,0.35,3.71,1.76,3.83,1.5,1.01,1.53,0.06,1.55,0.24
FPL02,CII,MID,20.3,Spring,13,87.5,13544.1,1114.0,182.8,180.8,166.6,13.46,10.0,4.5,True,0.08,0.92,3.14,1.28,0.32,2.69,0.85,2.41,1.08,0.0,0.95,0.72,1.22,0.94
FPL02,CII,MID,20.3,Spring,14,51.3,11876.9,860.1,209.6,151.6,170.7,7.86,12.1,7.5,True,0.37,0.89,3.62,0.96,0.43,3.69,1.44,2.7,2.44,1.04,0.35,0.42,0.69,0.46
FPL03,CII,DEF,21.4,Autumn,1,67.6,10510.6,603.5,126.5,85.6,105.8,7.57,6.0,19.3,False,,,,,,,,,,,,,,
FPL03,CII,DEF,21.4,Autumn,2,71.0,9971.2,559.0,134.9,128.3,143.3,9.29,6.3,23.6,True,0.15,0.76,2.85,0.42,0.31,1.17,0.02,7.4,5.73,5.08,0.42,1.41,0.49,0.0
FPL03,CII,DEF,21.4,Autumn,3,57.7,9315.2,482.1,131.8,107.4,153.8,7.45,5.1,22.1,True,0.08,0.0,1.26,0.79,0.15,2.4,0.3,6.69,4.52,6.29,0.6,1.12,0.77,0.25
FPL03,CII,DEF,21.4,Autumn,4,22.9,12588.2,625.3,125.9,132.2,180.0,2.62,6.6,22.9,False,,,,,,,,,,,,,,
FPL03,CII,DEF,21.4,Autumn,5,35.2,10632.8,692.5,173.5,118.3,130.4,4.8,6.4,21.4,True,0.0,0.47,2.57,0.34,0.23,3.49,0.15,4.94,6.03,3.74,1.56,1.56,1.2,0.0
FPL03,CII,DEF,21.4,Autumn,6,65.6,9255.9,650.1,138.8,121.8,142.2,9.83,3.9,19.3,False,,,,,,,,,,,,,,
FPL03,CII,DEF,21.4,Autumn,7,90.1,10914.1,409.9,134.5,97.7,100.9,8.33,7.3,23.4,False,,,,,,,,,,,,,,
FPL03,CII,DEF,21.4,Autumn,8,67.1,11505.3,604.7,167.9,117.9,134.9,7.95,7.5,17.8,True,0.27,0.94,1.95,0.67,0.17,1.92,0.97,7.15,2.93,3.62,0.64,1.43,0.83,0.0
FPL03,CII,DEF,21.4,Autumn,9,29.9,9450.3,474.3,117.1,97.9,160.5,3.69,6.1,19.2,True,0.1,0.38,2.09,0.41,0.13,3.43,0.15,6.2,3.75,4.13,1.58,0.58,0.62,0.03
FPL03,CII,DEF,21.4,Autumn,10,94.1,11506.9,662.0,159.4,139.1,171.8,12.46,6.0,21.7,True,0.07,0.79,1.85,0.55,0.23,1.13,0.92,5.93,5.66,4.98,0.71,0.93,0.63,0.0
FPL03,CII,DEF,21.4,Autumn,11,76.2,12992.7,731.3,160.2,114.5,150.8,8.81,6.3,21.9,False,,,,,,,,,,,,,,
FPL03,CII,DEF,21.4,Autumn,12,90.4,11023.9,702.3,165.3,150.7,125.0,12.31,5.6,24.3,True,0.16,0.46,1.71,0.57,0.18,1.62,0.47,9.07,5.25,4.45,0.53,1.48,0.0,0.23
FPL03,CII,DEF,21.4,Autumn,13,95.0,12567.2,551.5,187.9,123.8,141.1,10.3,5.9,20.9,True,0.13,0.15,1.36,0.55,0.24,2.52,0.93,6.74,3.6,5.02,0.73,1.75,0.38,0.0
FPL03,CII,DEF,21.4,Spring,14,83.0,11249.9,704.7,160.9,115.1,156.5,10.98,6.5,17.9,True,0.06,0.43,1.75,0.64,0.44,1.12,1.28,6.8,2.56,4.53,1.75,1.32,1.82,0.93
FPL03,CII,DEF,21.4,Spring,15,21.2,9847.3,725.2,172.1,141.5,160.3,3.42,6.1,23.0,True,0.09,0.82,1.22,0.55,0.31,1.92,0.95,6.19,4.56,6.47,1.47,0.82,0.51,0.32
FPL03,CII,DEF,21.4,Spring,16,55.6,9319.8,862.7,186.0,133.7,142.9,10.11,6.0,17.7,False,,,,,,,,,,,,,,
FPL03,CII,DEF,21.4,Spring,17,90.7,11185.9,590.9,131.9,103.2,158.5,10.64,6.0,24.5,True,0.14,0.28,1.25,0.74,0.3,1.55,1.05,5.71,5.0,5.34,1.93,1.94,0.31,0.0
FPL03,CII,DEF,21.4,Spring,18,36.6,11593.1,807.3,207.6,130.6,152.9,5.32,3.8,21.0,True,0.12,0.6,0.6,0.23,0.33,1.85,0.0,6.16,5.02,2.86,1.51,2.01,0.77,0.0
FPL04,CII,MID,20.0,Autumn,1,21.5,8785.5,600.5,98.9,105.9,102.1,2.86,8.6,15.1,False,,,,,,,,,,,,,,
FPL04,CII,MID,20.0,Autumn,2,88.3,8124.7,644.1,110.0,88.9,115.1,13.23,6.1,16.7,False,,,,,,,,,,,,,,
FPL04,CII,MID,20.0,Autumn,3,22.3,8531.5,637.2,130.3,123.2,94.0,3.32,7.1,14.7,True,0.26,0.98,1.82,0.34,0.05,3.25,0.81,4.05,4.25,1.37,1.43,0.86,0.1,0.31
FPL04,CII,MID,20.0,Autumn,4,55.7,9269.5,786.8,121.9,114.3,99.5,8.4,7.5,11.3,True,0.02,0.83,2.38,0.47,0.26,1.91,1.66,4.06,2.73,0.62,1.59,1.14,1.23,0.32
FPL04,CII,MID,20.0,Autumn,5,88.7,10036.6,725.0,122.0,132.1,105.3,12.22,7.5,16.4,False,,,,,,,,,,,,,,
FPL04,CII,MID,20.0,Autumn,6,68.0,10176.3,822.5,133.1,115.8,115.1,9.91,8.4,15.4,False,,,,,,,,,,,,,,
FPL04,CII,MID,20.0,Autumn,7,76.6,10145.6,667.3,144.8,134.7,91.9,10.1,7.8,13.7,False,,,,,,,,,,,,,,
FPL04,CII,MID,20.0,Autumn,8,79.2,10179.4,690.7,124.9,158.1,97.8,10.81,7.8,18.4,False,,,,,,,,,,,,,,
FPL04,CII,MID,20.0,Autumn,9,91.0,10887.2,812.9,109.2,144.4,107.8,12.38,9.2,14.7,True,0.15,1.2,2.21,0.67,0.29,3.38,1.43,4.91,3.53,3.22,0.4,0.93,0.76,0.3
FPL04,CII,MID,20.0,Autumn,10,86.1,9550.3,683.9,130.1,133.1,101.8,12.16,6.5,15.2,False,,,,,,,,,,,,,,
FPL04,CII,MID,20.0,Autumn,11,88.7,10940.9,628.8,102.3,145.2,112.6,10.51,9.7,18.3,True,0.37,0.8,2.16,0.83,0.17,2.85,1.9,3.43,4.68,3.54,1.0,2.47,0.67,0.25
FPL04,CII,MID,20.0,Autumn,12,66.7,10088.2,573.6,142.0,129.0,106.7,8.32,6.5,11.4,False,,,,,,,,,,,,,,
FPL04,CII,MID,20.0,Autumn,13,89.5,10007.3,758.4,126.3,131.7,131.1,13.18,6.9,16.6,False,,,,,,,,,,,,,,
FPL04,CII,MID,20.0,Autumn,14,41.7,9471.1,643.3,132.4,119.9,101.2,5.65,8.6,13.7,False,,,,,,,,,,,,,,
FPL04,CII,MID,20.0,Autumn,15,84.4,9308.9,609.3,129.3,149.9,93.2,11.69,8.0,15.2,True,0.05,1.21,1.54,0.49,0.27,3.54,1.52,4.89,4.28,3.75,0.35,0.03,0.64,0.3
FPL04,CII,MID,20.0,Autumn,16,76.4,9042.3,800.5,125.5,124.2,112.2,12.36,7.4,16.6,True,0.0,0.71,1.82,0.5,0.13,3.44,1.56,5.0,3.7,3.19,1.74,1.03,1.48,0.38
FPL04,CII,MID,20.0,Spring,17,88.3,12102.0,656.4,145.5,184.1,102.0,10.55,7.0,18.7,False,,,,,,,,,,,,,,
FPL04,CII,MID,20.0,Spring,18,73.5,10814.1,804.6,90.1,120.2,128.0,9.76,6.5,11.9,False,,,,,,,,,,,,,,
FPL04,CII,MID,20.0,Spring,19,86.9,11287.0,732.9,150.3,138.4,121.4,11.38,7.4,15.2,True,0.08,1.29,1.75,0.53,0.14,2.91,1.01,5.22,3.38,2.93,0.36,1.55,0.64,0.34
FPL04,CII,MID,20.0,Spring,20,78.1,8132.4,758.9,124.2,146.7,118.9,14.17,7.4,16.9,True,0.1,1.06,1.91,0.56,0.1,2.03,1.61,4.31,3.66,4.26,0.75,1.49,0.11,0.69
FPL04,CII,MID,20.0,Spring,21,90.2,9322.8,749.8,118.3,158.4,115.9,14.28,7.7,16.8,True,0.07,0.22,2.61,0.86,0.28,2.92,0.6,5.98,3.79,3.65,0.55,0.66,0.5,0.24
FPL04,CII,MID,20.0,Spring,22,94.1,11079.7,736.6,133.5,133.3,85.5,11.67,10.0,17.6,True,0.37,1.54,1.65,0.77,0.25,2.64,2.14,5.55,2.67,4.95,0.49,1.46,0.35,0.04
FPL04,CII,MID,20.0,Spring,23,90.5,12642.2,686.3,163.8,150.1,101.5,10.27,8.7,15.4,True,0.07,0.16,1.98,0.62,0.34,4.16,1.94,6.83,3.54,3.13,0.0,0.96,1.11,0.52
FPL04,CII,MID,20.0,Spring,24,87.7,10438.2,721.0,127.2,134.3,111.5,11.79,8.6,14.1,True,0.18,1.27,1.91,0.72,0.2,2.82,1.32,5.01,2.42,3.5,0.69,1.11,0.5,0.65
FPL05,CII,ATT,21.0,Autumn,1,95.9,7200.0,805.1,155.7,132.8,115.4,20.45,11.3,7.7,True,0.51,3.32,1.56,0.15,0.26,4.33,1.53,3.14,1.95,1.37,0.97,0.22,0.82,0.97
FPL05,CII,ATT,21.0,Autumn,2,83.8,11802.2,860.4,234.1,171.7,104.0,12.52,11.5,3.4,True,0.61,2.51,1.58,0.87,0.26,3.03,1.53,1.78,0.91,0.0,1.14,0.38,1.82,0.53
FPL05,CII,ATT,21.0,Autumn,3,87.5,9775.8,818.7,207.0,135.3,101.9,14.35,10.4,11.7,False,,,,,,,,,,,,,,
FPL05,CII,ATT,21.0,Autumn,4,74.0,9698.2,945.2,239.3,122.9,134.9,13.89,11.3,7.2,True,0.43,2.15,1.56,0.69,0.31,3.55,2.16,2.48,2.32,1.9,0.47,0.0,1.93,0.01
FPL05,CII,ATT,21.0,Autumn,5,90.4,10215.2,940.4,260.3,127.0,126.3,16.26,10.6,4.5,True,0.36,3.23,0.58,0.37,0.28,3.83,2.07,2.9,0.76,1.47,0.6,0.08,1.52,1.05
FPL05,CII,ATT,21.0,Autumn,6,70.4,10279.6,921.0,191.1,131.9,130.9,11.88,13.2,7.0,False,,,,,,,,,,,,,,
FPL05,CII,ATT,21.0,Autumn,7,92.6,9998.4,615.8,148.7,141.0,106.7,12.36,11.8,5.7,True,0.59,2.87,1.42,0.59,0.24,3.39,2.08,2.52,1.61,1.12,0.42,0.53,1.25,0.81
FPL05,CII,ATT,21.0,Autumn,8,89.1,8461.0,644.5,158.0,130.6,93.0,13.99,11.3,9.5,False,,,,,,,,,,,,,,
FPL05,CII,ATT,21.0,Autumn,9,74.3,10878.6,759.0,199.3,140.1,164.9,11.39,12.1,7.7,True,0.51,2.84,1.7,0.42,0.33,4.41,1.85,0.51,2.9,2.63,0.41,1.47,2.25,0.75
FPL05,CII,ATT,21.0,Autumn,10,36.3,10201.4,808.4,223.3,130.1,95.5,5.68,12.4,3.7,True,0.62,1.84,1.97,0.85,0.22,4.54,1.89,0.68,1.2,2.23,0.5,0.29,1.53,1.3
FPL05,CII,ATT,21.0,Spring,11,53.3,7813.3,996.1,265.4,151.0,118.3,13.18,14.3,0.4,True,0.72,3.54,1.57,0.57,0.25,4.48,2.66,0.0,0.18,1.9,0.0,0.0,1.82,0.66
FPL05,CII,ATT,21.0,Spring,12,71.2,9808.1,929.0,224.8,136.0,96.8,12.56,12.0,6.2,False,,,,,,,,,,,,,,
FPL05,CII,ATT,21.0,Spring,13,72.8,10997.2,903.2,224.5,144.1,135.7,11.91,13.4,4.6,True,0.56,2.4,2.64,0.61,0.27,5.33,1.77,2.91,0.09,1.89,0.82,0.11,1.27,1.11
FPL05,CII,ATT,21.0,Spring,14,87.7,12459.1,896.5,264.7,115.8,119.1,12.42,11.8,8.2,True,0.56,3.01,1.26,0.57,0.33,2.91,2.26,4.16,1.87,1.98,0.04,0.43,1.76,0.13
FPL05,CII,ATT,21.0,Spring,15,86.3,12689.0,782.6,228.5,168.0,122.1,11.61,12.9,8.5,True,0.4,2.52,1.69,0.62,0.31,5.7,2.19,3.7,2.36,0.0,1.14,0.85,1.48,0.28
FPL05,CII,ATT,21.0,Spring,16,78.7,9704.9,1031.4,227.9,115.5,123.8,15.02,13.2,8.3,True,0.67,2.67,2.3,0.64,0.28,3.82,2.05,3.83,3.01,1.56,0.0,0.23,2.37,0.0
FPL05,CII,ATT,21.0,Spring,17,28.3,10160.7,778.6,173.7,122.4,141.8,4.36,13.4,3.7,True,0.61,2.96,2.21,0.59,0.25,4.4,2.14,0.7,2.06,1.48,0.21,0.0,1.94,0.4
FPL05,CII,ATT,21.0,Spring,18,68.8,9359.8,944.9,211.3,135.5,135.9,13.26,15.0,4.7,True,0.5,2.51,2.86,1.07,0.23,4.19,3.06,0.46,0.0,1.73,1.95,1.14,2.13,0.72
FPL05,CII,ATT,21.0,Spring,19,49.3,10188.5,1058.6,266.1,130.2,140.5,9.68,11.9,6.6,True,0.77,2.8,2.17,0.43,0.27,2.14,1.98,3.08,1.27,1.23,1.0,0.16,1.36,0.44
FPL05,CII,ATT,21.0,Spring,20,91.3,9669.0,921.2,233.2,123.0,134.5,16.86,10.2,4.8,True,0.62,2.74,1.93,0.09,0.2,3.42,1.05,2.13,1.34,2.06,0.38,0.55,2.88,0.67
FPL05,CII,ATT,21.0,Spring,21,67.9,9438.7,940.6,273.9,152.3,124.3,13.71,12.3,9.9,True,0.65,1.81,2.1,0.64,0.24,4.44,1.97,2.67,3.41,1.8,0.43,0.61,0.89,0.47
FPL05,CII,ATT,21.0,Spring,22,89.3,10717.7,784.9,283.6,132.7,117.0,14.24,10.2,7.6,False,,,,,,,,,,,,,,
FPL06,CII,DEF,19.2,Autumn,1,91.6,10177.5,613.0,111.8,126.2,132.9,11.69,2.5,21.8,False,,,,,,,,,,,,,,
FPL06,CII,DEF,19.2,Autumn,2,29.8,13015.1,605.6,90.8,125.7,128.7,2.87,4.5,23.0,True,0.1,0.18,1.7,0.37,0.11,0.57,1.04,6.98,3.99,2.71,3.48,2.09,0.72,0.56
FPL06,CII,DEF,19.2,Autumn,3,89.0,9774.2,618.6,101.9,131.7,106.5,11.37,3.2,19.0,True,0.27,0.0,1.02,0.06,0.06,0.62,0.75,7.53,3.0,3.1,1.44,1.59,0.51,0.39
FPL06,CII,DEF,19.2,Autumn,4,88.7,9990.9,688.8,117.6,179.5,156.5,13.64,5.2,18.6,False,,,,,,,,,,,,,,
FPL06,CII,DEF,19.2,Autumn,5,22.1,10176.1,827.8,102.1,97.1,148.5,3.2,2.3,23.1,True,0.0,0.0,1.13,0.28,0.0,0.33,0.36,5.89,5.13,4.97,0.97,2.4,0.54,0.19
FPL06,CII,DEF,19.2,Autumn,6,74.6,9967.3,786.4,145.4,153.6,135.0,11.83,2.1,25.1,False,,,,,,,,,,,,,,
FPL06,CII,DEF,19.2,Autumn,7,88.9,10005.5,757.6,141.6,139.1,158.8,13.91,3.2,24.0,True,0.18,0.18,0.45,0.41,0.26,1.04,0.05,7.14,4.89,4.53,1.95,2.19,0.92,0.67
FPL06,CII,DEF,19.2,Autumn,8,20.7,10210.4,519.0,100.0,130.0,140.3,2.45,4.2,23.0,False,,,,,,,,,,,,,,
FPL06,CII,DEF,19.2,Autumn,9,66.7,11378.2,809.0,98.0,115.2,128.0,8.45,3.7,20.1,False,,,,,,,,,,,,,,
FPL06,CII,DEF,19.2,Autumn,10,66.1,10158.8,526.0,105.6,116.0,124.2,7.58,2.5,22.5,False,,,,,,,,,,,,,,
FPL06,CII,DEF,19.2,Autumn,11,93.6,7973.2,706.4,96.5,128.0,135.0,16.16,2.8,20.3,True,0.17,0.0,0.42,0.2,0.24,1.47,0.06,6.22,3.35,4.04,2.09,1.59,1.03,0.02
FPL06,CII,DEF,19.2,Autumn,12,69.0,9497.7,657.3,88.1,134.5,130.7,9.58,2.9,23.2,True,0.13,0.0,0.73,0.03,0.28,0.12,1.06,6.67,5.29,4.45,1.21,1.85,0.04,0.56
FPL06,CII,DEF,19.2,Autumn,13,65.5,11357.6,711.6,118.4,112.9,145.0,8.11,2.9,20.7,True,0.09,0.0,1.38,0.23,0.19,0.45,0.17,5.75,4.2,3.8,2.29,1.05,0.31,0.23
FPL06,CII,DEF,19.2,Spring,14,64.7,9752.3,552.9,104.3,122.5,117.4,7.9,1.8,19.2,True,0.03,0.34,0.18,0.5,0.05,0.17,0.02,5.76,3.53,4.12,2.02,1.25,1.5,0.06
FPL06,CII,DEF,19.2,Spring,15,87.9,7911.8,590.4,80.8,95.5,88.1,11.99,5.1,23.4,True,0.13,1.12,0.96,0.72,0.13,0.68,0.57,9.25,3.69,4.32,1.38,1.53,0.2,0.25
FPL06,CII,DEF,19.2,Spring,16,71.2,10697.2,624.8,83.2,115.5,121.3,8.15,4.6,20.2,True,0.16,0.62,1.17,0.66,0.27,0.41,0.27,5.43,3.76,4.3,2.11,1.35,0.7,0.22
FPL06,CII,DEF,19.2,Spring,17,25.4,11280.3,537.5,99.8,113.1,119.8,2.6,3.5,19.2,True,0.2,0.04,0.86,0.55,0.07,0.0,0.75,6.09,2.81,3.63,1.59,1.93,0.0,0.24
FPL06,CII,DEF,19.2,Spring,18,70.6,10504.0,587.3,86.7,119.4,96.2,7.72,3.8,17.2,True,0.0,0.51,1.47,0.46,0.13,0.78,0.18,5.41,3.08,3.21,1.85,1.79,1.31,0.59
FPL07,CII,DEF,18.7,Autumn,1,83.8,10262.1,413.1,103.2,100.1,153.3,8.77,5.1,21.6,True,0.3,0.48,0.75,0.45,0.17,1.79,0.72,7.54,3.34,4.7,2.4,0.91,0.76,0.62
FPL07,CII,DEF,18.7,Autumn,2,68.8,8617.3,465.9,110.4,105.9,128.2,8.78,4.1,24.1,False,,,,,,,,,,,,,,
FPL07,CII,DEF,18.7,Autumn,3,89.7,7233.9,564.9,108.1,117.4,135.0,15.28,5.9,25.0,True,0.0,0.39,1.52,0.69,0.47,2.82,0.0,9.03,5.48,5.96,0.18,1.03,0.27,0.23
FPL07,CII,DEF,18.7,Autumn,4,65.9,7925.8,547.4,96.5,105.9,98.3,9.15,3.8,22.6,False,,,,,,,,,,,,,,
FPL07,CII,DEF,18.7,Autumn,5,93.2,8239.4,467.1,82.9,107.8,103.4,11.47,3.6,24.1,True,0.09,0.18,1.46,0.68,0.13,0.13,0.0,6.91,6.43,5.73,0.79,0.86,0.74,0.44
FPL07,CII,DEF,18.7,Autumn,6,50.9,9869.1,504.3,68.2,94.8,106.2,5.2,4.5,23.6,False,,,,,,,,,,,,,,
FPL07,CII,DEF,18.7,Autumn,7,84.0,8989.5,477.0,58.0,95.0,125.1,9.39,5.0,24.7,True,0.0,1.12,1.19,0.54,0.08,1.58,0.47,6.53,6.23,5.2,1.78,1.27,1.2,0.3
FPL07,CII,DEF,18.7,Autumn,8,33.8,9947.7,444.9,71.3,122.2,100.5,3.38,3.4,23.4,True,0.0,0.0,1.62,0.12,0.21,0.82,0.63,8.09,6.42,4.41,1.21,0.68,1.62,0.46
FPL07,CII,DEF,18.7,Autumn,9,85.6,8108.6,592.2,89.7,104.7,129.6,12.62,5.4,23.0,False,,,,,,,,,,,,,,
FPL07,CII,DEF,18.7,Autumn,10,70.2,9717.4,452.9,87.6,90.7,94.5,6.9,5.2,22.3,False,,,,,,,,,,,,,,
FPL07,CII,DEF,18.7,Spring,11,81.2,11292.4,635.5,110.9,103.3,130.3,9.12,3.7,27.3,True,0.05,0.0,0.7,0.41,0.06,1.86,0.82,8.74,4.95,6.47,1.67,1.88,0.73,0.67
FPL07,CII,DEF,18.7,Spring,12,29.5,11347.4,647.4,111.2,109.0,116.5,3.29,5.0,25.6,True,0.0,0.69,1.32,0.14,0.11,1.99,1.25,8.33,6.41,4.97,1.01,1.34,0.83,0.32
FPL07,CII,DEF,18.7,Spring,13,71.7,9672.2,631.3,124.9,113.9,119.7,9.53,3.4,24.5,True,0.18,0.08,1.21,0.43,0.12,0.1,0.39,8.62,4.67,4.57,1.71,1.91,0.7,0.82
FPL07,CII,DEF,18.7,Spring,14,86.1,11981.5,756.0,141.5,121.5,122.3,10.47,6.3,25.7,True,0.1,1.15,1.41,0.53,0.12,2.44,0.63,8.07,5.64,4.83,2.33,1.46,1.32,0.62
FPL07,CII,DEF,18.7,Spring,15,28.8,8635.3,491.3,109.3,87.5,115.8,3.54,4.6,22.5,True,0.19,0.66,1.13,0.37,0.0,1.16,0.81,7.75,4.59,4.86,1.12,1.65,1.04,0.61
FPL07,CII,DEF,18.7,Spring,16,51.2,8257.7,634.7,163.2,111.7,108.3,8.18,6.4,23.3,True,0.22,0.83,1.66,0.49,0.2,2.44,0.39,8.03,4.99,5.31,1.22,1.34,1.41,0.66
FPL07,CII,DEF,18.7,Spring,17,20.9,9870.7,738.9,134.5,101.7,125.1,2.96,3.5,22.7,True,0.0,0.27,0.32,0.39,0.11,2.78,0.25,9.91,4.11,4.69,0.39,1.24,0.23,0.63
FPL07,CII,DEF,18.7,Spring,18,85.1,9811.5,621.7,116.2,103.9,116.0,10.72,5.8,22.7,True,0.04,0.72,1.55,0.17,0.22,1.33,1.85,6.78,5.33,3.95,1.8,1.35,0.85,0.21
FPL07,CII,DEF,18.7,Spring,19,60.6,8887.5,704.7,102.3,102.1,108.1,8.72,5.9,24.4,True,0.18,0.85,1.03,0.77,0.24,1.76,0.43,9.71,5.8,3.83,1.18,1.18,1.82,0.0
FPL07,CII,DEF,18.7,Spring,20,65.0,9525.4,561.4,99.1,109.3,113.3,7.88,3.2,22.8,False,,,,,,,,,,,,,,
FPL07,CII,DEF,18.7,Spring,21,91.6,10994.1,437.1,92.2,92.3,107.3,8.12,4.1,20.4,True,0.02,0.26,0.97,0.36,0.32,0.61,1.09,6.31,5.61,4.73,0.43,0.57,0.77,0.21
FPL07,CII,DEF,18.7,Spring,22,83.8,9812.3,489.7,114.6,96.0,103.7,9.06,3.3,22.4,True,0.05,0.31,1.11,0.2,0.15,0.58,0.67,8.17,3.8,4.85,1.61,1.2,1.35,0.0
FPL08,CII,DEF,21.1,Autumn,1,77.2,11057.2,465.4,103.5,116.2,106.3,7.44,4.4,13.0,False,,,,,,,,,,,,,,
FPL08,CII,DEF,21.1,Autumn,2,80.0,9323.3,515.0,84.7,110.5,134.3,9.7,5.5,18.2,True,0.02,1.49,0.8,0.37,0.22,1.84,0.82,4.74,3.29,3.7,1.35,2.07,0.0,0.41
FPL08,CII,DEF,21.1,Autumn,3,78.2,9904.2,472.5,87.4,98.8,108.8,8.05,5.0,15.6,True,0.06,0.21,2.24,0.31,0.11,0.0,1.54,4.26,2.99,3.57,0.68,1.7,0.52,0.0
FPL08,CII,DEF,21.1,Autumn,4,70.4,9296.5,483.0,112.4,138.8,84.0,8.3,3.8,12.0,False,,,,,,,,,,,,,,
FPL08,CII,DEF,21.1,Autumn,5,68.2,13093.7,562.5,100.1,125.1,154.2,6.62,3.6,19.5,False,,,,,,,,,,,,,,
FPL08,CII,DEF,21.1,Autumn,6,91.7,12196.0,456.1,101.4,109.1,128.9,8.16,4.1,15.8,False,,,,,,,,,,,,,,
FPL08,CII,DEF,21.1,Autumn,7,74.4,10636.8,520.2,111.4,122.0,130.7,8.35,3.7,20.4,True,0.0,0.18,1.53,0.18,0.15,1.29,0.51,7.4,3.95,2.71,1.84,1.85,0.92,0.43
FPL08,CII,DEF,21.1,Autumn,8,54.9,9490.1,527.7,114.7,130.8,102.5,6.74,3.9,16.7,True,0.0,0.0,0.88,0.36,0.18,3.17,0.02,3.97,3.65,2.73,1.51,1.9,0.0,0.55
FPL08,CII,DEF,21.1,Autumn,9,66.9,11245.9,602.6,97.4,116.8,113.4,7.2,3.0,18.7,False,,,,,,,,,,,,,,
FPL08,CII,DEF,21.1,Autumn,10,93.0,10252.9,599.4,123.8,112.5,98.0,10.94,5.3,15.2,True,0.0,0.25,2.14,0.29,0.2,0.96,1.32,4.77,2.69,4.63,0.26,0.83,0.05,0.34
FPL08,CII,DEF,21.1,Autumn,11,82.8,13600.0,430.4,87.4,117.1,127.3,6.39,4.1,16.4,True,0.07,0.0,1.44,0.23,0.14,0.59,1.38,4.72,3.46,3.22,1.67,1.43,1.87,0.08
FPL08,CII,DEF,21.1,Spring,12,76.0,11373.4,565.5,138.7,104.6,146.6,8.53,3.4,15.5,True,0.04,0.6,1.49,0.28,0.13,0.31,0.22,4.96,3.75,2.21,0.68,1.66,0.59,0.15
FPL08,CII,DEF,21.1,Spring,13,82.5,10266.3,730.7,164.4,120.0,133.7,11.94,4.5,17.2,True,0.0,0.0,1.87,0.81,0.13,1.24,0.0,6.38,2.27,3.6,1.45,1.27,0.86,0.0
FPL08,CII,DEF,21.1,Spring,14,47.7,10115.0,584.0,130.0,142.8,125.5,6.21,4.4,14.9,True,0.0,0.05,1.91,0.18,0.23,0.45,1.39,3.75,3.5,2.62,1.39,1.24,0.28,0.47
FPL08,CII,DEF,21.1,Spring,15,90.7,13235.5,710.1,166.9,129.0,151.5,10.43,4.6,18.1,True,0.22,0.0,1.31,0.46,0.14,0.86,0.92,5.18,2.87,2.3,2.16,2.41,0.51,0.0
FPL08,CII,DEF,21.1,Spring,16,35.5,13003.6,516.6,96.1,109.7,123.4,3.07,3.8,14.2,True,0.03,0.15,1.34,0.28,0.04,0.69,1.15,5.0,3.12,1.63,1.67,0.51,0.52,0.0
FPL08,CII,DEF,21.1,Spring,17,78.7,10634.9,558.0,107.1,106.9,125.4,8.76,3.4,15.2,False,,,,,,,,,,,,,,
FPL08,CII,DEF,21.1,Spring,18,86.9,9323.5,568.0,101.2,109.7,129.4,11.16,3.2,14.0,True,0.0,0.0,1.44,0.25,0.0,2.05,0.0,5.33,1.78,2.49,1.27,1.64,0.22,0.8
FPL08,CII,DEF,21.1,Spring,19,32.6,11133.0,418.5,118.1,94.3,100.4,2.88,5.7,14.2,True,0.04,0.33,1.61,0.65,0.11,2.0,0.89,3.04,2.44,3.72,1.45,1.01,0.42,0.0
FPL08,CII,DEF,21.1,Spring,20,94.4,9771.8,547.9,118.8,118.2,98.8,11.21,4.9,17.6,True,0.0,1.13,1.02,0.35,0.14,1.81,0.7,5.96,2.85,3.32,1.54,1.29,0.11,0.32
FPL08,CII,DEF,21.1,Spring,21,95.5,9905.5,618.4,110.3,143.6,134.5,12.91,5.7,15.1,True,0.0,0.0,2.04,0.53,0.09,2.04,1.18,6.66,2.21,2.59,0.47,1.77,0.96,0.0
FPL08,CII,DEF,21.1,Spring,22,86.3,10267.2,498.1,97.1,120.7,108.5,9.26,4.1,16.8,True,0.06,0.05,1.31,0.44,0.21,1.83,0.16,4.66,3.45,3.84,1.03,1.16,0.2,0.24
FPL08,CII,DEF,21.1,Spring,23,74.2,12258.9,606.8,125.0,101.9,116.9,7.46,2.4,18.6,True,0.0,0.0,0.42,0.27,0.17,0.0,1.14,5.94,2.72,3.85,1.49,1.87,0.02,0.56
FPL08,CII,DEF,21.1,Spring,24,41.5,9810.3,511.9,90.9,128.1,101.4,4.68,4.0,16.4,True,0.0,0.0,1.62,0.22,0.17,0.67,1.23,5.21,3.14,4.07,0.84,0.76,0.01,0.38
FPL08,CII,DEF,21.1,Spring,25,66.1,13059.7,566.9,128.7,141.3,120.1,6.49,5.2,16.7,True,0.16,0.3,1.13,0.56,0.13,2.1,0.64,5.43,2.03,4.52,1.09,1.48,0.55,0.22
FPL08,CII,DEF,21.1,Spring,26,35.4,9567.5,686.0,131.9,133.9,113.4,5.11,5.7,18.1,True,0.0,0.23,1.15,0.58,0.18,2.88,1.11,5.36,3.92,3.48,0.78,1.57,0.0,0.23
FPL08,CII,DEF,21.1,Spring,27,70.1,9930.5,613.8,113.7,133.7,145.1,9.48,4.6,17.9,True,0.0,0.0,0.83,0.68,0.26,2.47,0.45,5.21,4.25,3.43,1.42,1.21,0.8,0.56
FPL08,CII,DEF,21.1,Spring,28,68.6,11380.0,640.6,139.8,138.2,137.0,8.44,6.8,14.1,True,0.03,0.55,1.52,0.28,0.07,4.2,1.44,4.7,3.38,3.27,0.4,1.49,0.95,1.06
FPL09,CII,DEF,18.5,Autumn,1,21.7,11625.4,613.7,94.3,110.1,123.6,2.29,4.4,14.2,False,,,,,,,,,,,,,,
FPL09,CII,DEF,18.5,Autumn,2,62.7,11598.5,637.0,130.2,142.5,108.4,7.21,6.7,16.8,True,0.17,0.69,1.35,0.23,0.0,4.41,1.02,3.94,3.7,1.85,2.53,1.71,0.97,0.09
FPL09,CII,DEF,18.5,Autumn,3,85.8,12539.1,565.6,118.4,134.1,119.5,8.56,4.0,15.8,True,0.06,0.25,0.04,0.2,0.17,2.2,1.45,3.3,2.87,2.73,1.89,2.29,0.81,0.12
FPL09,CII,DEF,18.5,Autumn,4,70.9,10853.3,598.0,142.9,98.4,127.6,8.26,4.4,15.3,True,0.0,0.22,0.5,0.12,0.16,2.41,1.67,3.16,3.11,3.37,1.78,0.73,0.0,0.1
FPL09,CII,DEF,18.5,Autumn,5,87.6,11915.7,552.9,116.4,141.9,120.7,9.21,3.8,19.8,True,0.27,0.0,0.0,0.07,0.03,2.65,1.17,3.7,4.22,2.67,2.63,2.87,0.66,0.39
FPL09,CII,DEF,18.5,Autumn,6,88.7,12017.0,528.4,128.7,151.1,133.7,9.53,4.4,15.6,True,0.01,0.68,0.92,0.0,0.17,2.41,1.0,3.48,2.59,3.71,1.45,1.79,0.12,0.5
FPL09,CII,DEF,18.5,Autumn,7,76.5,12501.0,491.1,118.6,105.7,139.7,7.1,4.9,16.2,True,0.11,0.1,0.93,0.15,0.19,2.2,1.55,3.38,3.0,3.2,1.52,2.19,0.0,0.49
FPL09,CII,DEF,18.5,Autumn,8,27.4,13100.9,744.3,173.2,136.9,126.4,3.2,3.3,19.0,False,,,,,,,,,,,,,,
FPL09,CII,DEF,18.5,Autumn,9,70.3,13600.0,479.9,124.6,117.7,119.0,5.89,4.2,12.4,True,0.16,0.66,0.16,0.0,0.16,1.65,1.55,1.89,3.86,2.71,0.76,1.44,1.0,0.4
FPL09,CII,DEF,18.5,Autumn,10,24.8,12604.8,518.6,116.5,113.1,126.2,2.3,4.3,15.0,True,0.07,0.54,1.23,0.0,0.13,2.61,0.55,3.89,1.99,3.92,1.23,1.69,0.67,0.0
FPL09,CII,DEF,18.5,Autumn,11,86.9,13600.0,626.9,113.7,139.2,121.9,8.43,4.0,16.8,False,,,,,,,,,,,,,,
FPL09,CII,DEF,18.5,Autumn,12,81.3,12399.6,705.3,148.7,145.5,132.9,9.74,2.3,14.1,True,0.03,0.0,0.0,0.0,0.08,2.9,0.26,2.01,1.93,0.93,3.11,2.69,0.0,0.15
FPL09,CII,DEF,18.5,Autumn,13,72.7,10124.5,670.9,153.7,145.3,168.9,10.99,4.8,16.7,True,0.0,0.0,1.27,0.2,0.14,2.8,1.21,3.59,4.52,1.85,1.81,1.87,1.0,0.0
FPL09,CII,DEF,18.5,Autumn,14,47.3,12285.5,790.3,127.0,123.7,150.2,5.88,3.7,11.7,False,,,,,,,,,,,,,,
FPL09,CII,DEF,18.5,Spring,15,55.4,11838.9,698.4,139.0,136.9,135.7,6.79,4.9,14.4,True,0.0,0.0,0.91,0.38,0.0,3.04,1.38,3.49,1.74,2.4,2.06,2.62,0.25,0.92
FPL09,CII,DEF,18.5,Spring,16,94.4,11613.0,797.6,184.5,153.3,166.8,13.95,3.8,19.3,True,0.11,0.02,0.27,0.13,0.05,1.75,1.79,3.34,4.24,5.26,1.26,1.71,0.36,0.23
FPL09,CII,DEF,18.5,Spring,17,86.5,12045.3,591.5,214.5,167.4,159.0,11.25,4.7,14.9,True,0.0,0.0,1.32,0.0,0.07,2.41,1.74,3.79,2.67,2.82,1.39,1.88,0.61,0.21
FPL09,CII,DEF,18.5,Spring,18,24.9,12074.4,751.9,149.0,164.4,167.0,3.38,5.8,15.4,True,0.05,0.13,1.22,0.54,0.04,2.55,1.66,3.95,3.15,2.59,1.95,1.9,2.12,0.0
FPL09,CII,DEF,18.5,Spring,19,50.7,11865.7,685.6,173.0,133.1,166.8,6.6,5.2,15.2,True,0.0,0.0,0.0,0.48,0.0,3.66,2.02,4.22,1.87,2.14,2.55,1.68,0.53,0.04
FPL09,CII,DEF,18.5,Spring,20,65.4,13600.0,780.9,170.3,163.7,163.3,8.13,6.3,15.5,True,0.06,0.63,0.69,0.18,0.12,3.15,2.35,5.66,1.84,3.17,2.93,0.63,2.02,0.46
FPL09,CII,DEF,18.5,Spring,21,72.8,12662.3,776.7,215.9,149.5,180.0,10.12,3.6,18.3,True,0.0,0.17,0.0,0.05,0.21,2.39,1.48,5.2,3.89,4.96,0.57,1.34,0.85,0.29
FPL09,CII,DEF,18.5,Spring,22,80.4,13242.9,707.7,154.6,134.1,180.0,9.52,5.7,17.2,True,0.22,0.19,1.19,0.0,0.0,2.49,2.2,4.6,3.79,2.03,1.85,2.13,1.09,0.0
FPL09,CII,DEF,18.5,Spring,23,44.7,12404.5,830.5,172.2,120.5,142.5,5.82,5.4,12.2,True,0.0,0.86,0.77,0.0,0.0,3.63,1.56,3.09,1.56,2.0,1.46,2.28,0.0,0.74
FPL09,CII,DEF,18.5,Spring,24,75.2,13456.9,671.9,173.4,154.5,151.1,8.62,3.8,15.2,True,0.04,0.12,0.0,0.22,0.19,3.37,0.67,3.65,1.49,2.72,2.33,2.04,0.0,0.15
FPL09,CII,DEF,18.5,Spring,25,89.6,8906.0,644.8,169.3,157.2,134.1,14.91,5.3,16.2,True,0.13,0.14,0.58,0.15,0.0,4.24,1.31,4.54,2.3,1.72,2.31,2.21,0.0,0.16
FPL10,CII,ATT,19.6,Autumn,1,64.3,13568.2,800.1,170.3,118.4,127.6,7.34,10.9,6.9,True,0.49,1.56,2.7,0.68,0.26,2.81,1.56,3.9,0.64,2.72,0.53,0.03,1.22,1.12
FPL10,CII,ATT,19.6,Autumn,2,84.3,12854.4,644.8,148.6,122.6,99.0,8.6,10.2,6.0,True,0.46,1.53,2.02,0.51,0.23,2.79,2.09,3.32,3.32,0.02,0.08,0.0,2.44,0.2
FPL10,CII,ATT,19.6,Autumn,3,95.4,11079.1,635.5,141.7,139.8,99.6,11.42,8.8,4.3,False,,,,,,,,,,,,,,
FPL10,CII,ATT,19.6,Autumn,4,72.9,13105.4,771.7,168.8,117.7,132.1,8.48,12.1,3.5,False,,,,,,,,,,,,,,
FPL10,CII,ATT,19.6,Autumn,5,71.4,11469.0,857.7,196.0,158.9,138.2,10.87,12.1,6.1,False,,,,,,,,,,,,,,
FPL10,CII,ATT,19.6,Autumn,6,74.1,12926.8,883.6,204.9,170.5,141.4,10.4,10.8,12.7,False,,,,,,,,,,,,,,
FPL10,CII,ATT,19.6,Spring,7,94.5,11588.7,1035.4,290.0,161.0,147.9,17.02,13.2,7.1,True,0.61,1.94,2.09,0.93,0.34,3.74,2.56,1.96,1.71,2.07,0.85,0.73,1.32,1.0
FPL10,CII,ATT,19.6,Spring,8,88.2,13006.2,1150.0,270.2,160.3,147.8,14.73,11.1,7.7,True,0.64,1.87,2.3,0.79,0.21,2.76,1.34,5.84,1.24,2.4,0.0,0.44,3.02,0.87
FPL10,CII,ATT,19.6,Spring,9,48.6,11076.6,1012.3,288.0,162.5,114.9,8.77,12.0,10.5,False,,,,,,,,,,,,,,
FPL10,CII,ATT,19.6,Spring,10,64.3,12865.4,1084.8,231.5,148.4,122.8,9.86,11.4,4.2,True,0.54,2.28,2.05,0.84,0.27,3.51,1.12,2.44,2.51,0.0,0.25,0.0,1.58,0.93
FPL10,CII,ATT,19.6,Spring,11,65.1,12898.5,904.5,233.7,137.3,147.2,9.2,15.2,9.0,True,0.84,2.88,3.23,1.19,0.53,4.85,0.2,3.74,3.02,1.71,0.6,0.07,2.37,0.22
FPL10,CII,ATT,19.6,Spring,12,72.5,13600.0,789.8,256.0,143.5,109.4,8.95,9.3,7.5,False,,,,,,,,,,,,,,
FPL10,CII,ATT,19.6,Spring,13,87.8,13501.0,744.0,172.6,120.8,96.4,9.35,11.6,5.1,True,0.37,2.11,1.94,0.79,0.39,3.73,1.82,2.19,1.42,0.86,0.95,0.77,2.06,0.97
FPL10,CII,ATT,19.6,Spring,14,78.3,13600.0,788.0,190.1,173.2,97.1,9.3,10.6,7.6,True,0.36,2.12,2.32,0.53,0.22,2.82,1.92,3.18,1.44,2.36,0.64,0.4,1.61,0.67
FPL10,CII,ATT,19.6,Spring,15,76.3,13600.0,773.2,175.2,156.1,106.7,8.76,10.2,8.2,True,0.39,1.95,2.48,0.99,0.21,2.92,0.42,2.87,2.8,1.25,0.36,1.2,1.71,0.82
FPL10,CII,ATT,19.6,Spring,16,20.8,13161.4,886.3,188.2,174.9,115.1,2.76,11.7,6.6,True,0.43,2.11,1.95,1.03,0.32,3.17,1.71,2.91,1.48,0.86,0.75,1.21,1.76,0.83
FPL10,CII,ATT,19.6,Spring,17,80.1,9946.1,729.8,198.0,150.3,100.3,12.3,11.0,8.6,True,0.49,1.35,2.17,0.48,0.35,3.97,1.94,4.39,1.57,3.18,0.0,0.0,1.38,0.7
FPL10,CII,ATT,19.6,Spring,18,92.3,12142.8,955.7,194.4,123.0,124.9,13.25,11.6,8.2,True,0.4,2.43,2.63,1.11,0.21,2.66,1.09,3.05,2.6,2.79,0.0,0.0,1.48,0.67
FPL10,CII,ATT,19.6,Spring,19,42.0,11564.4,711.7,198.9,130.7,104.5,5.38,10.9,8.8,True,0.48,1.77,3.33,0.84,0.31,2.6,0.5,3.67,2.65,1.14,0.66,0.36,1.32,0.44
FPL10,CII,ATT,19.6,Spring,20,53.3,9971.2,928.0,217.6,161.5,113.2,9.64,12.9,6.1,True,0.56,2.05,3.41,0.73,0.37,2.96,1.83,3.31,0.0,2.16,0.47,0.69,1.45,0.24
FPL10,CII,ATT,19.6,Spring,21,40.5,13045.1,832.8,231.8,166.7,113.7,5.4,11.1,7.4,True,0.53,1.68,2.17,0.66,0.31,3.16,1.82,3.58,0.67,2.25,0.91,0.97,1.81,1.06
FPL10,CII,ATT,19.6,Spring,22,93.0,13600.0,1020.6,243.9,149.2,125.5,13.24,12.0,4.0,False,,,,,,,,,,,,,,
FPL11,CII,DEF,18.5,Autumn,1,79.1,13600.0,807.2,103.5,143.2,105.0,8.49,5.1,18.8,False,,,,,,,,,,,,,,
FPL11,CII,DEF,18.5,Autumn,2,59.0,12743.5,636.2,99.5,123.1,114.1,5.83,6.3,14.6,True,0.04,1.05,1.99,0.6,0.37,1.75,0.17,6.91,3.51,2.74,0.28,0.97,1.33,1.11
FPL11,CII,DEF,18.5,Autumn,3,81.3,10362.0,963.1,173.0,115.2,103.7,13.03,5.9,17.2,True,0.01,0.46,2.13,0.83,0.33,1.52,0.0,6.34,3.52,3.41,1.19,1.74,1.85,0.81
FPL11,CII,DEF,18.5,Autumn,4,86.6,12442.9,868.3,117.4,113.7,131.7,10.69,5.9,16.6,True,0.0,1.15,2.1,0.65,0.23,0.35,0.68,5.59,3.61,3.66,0.41,1.71,1.24,0.36
FPL11,CII,DEF,18.5,Autumn,5,71.1,11839.1,681.9,123.7,102.5,135.2,8.06,4.9,20.2,False,,,,,,,,,,,,,,
FPL11,CII,DEF,18.5,Autumn,6,68.8,11280.3,742.8,140.9,133.8,122.7,8.94,5.2,18.3,True,0.14,0.41,1.79,0.62,0.31,0.04,0.7,5.15,4.27,3.79,1.51,1.23,1.71,0.02
FPL11,CII,DEF,18.5,Autumn,7,76.9,12109.8,702.1,97.2,125.6,127.3,8.6,4.6,17.4,False,,,,,,,,,,,,,,
FPL11,CII,DEF,18.5,Autumn,8,41.9,12403.4,761.8,128.9,124.7,116.1,4.85,3.7,13.5,False,,,,,,,,,,,,,,
FPL11,CII,DEF,18.5,Spring,9,45.5,12691.5,845.2,139.2,135.0,114.5,5.57,5.0,20.2,True,0.07,0.22,2.42,0.49,0.21,0.35,0.52,8.01,3.89,3.53,1.49,1.34,1.9,0.08
FPL11,CII,DEF,18.5,Spring,10,70.7,10461.7,828.1,159.7,131.4,111.6,10.5,6.5,23.9,True,0.0,0.54,2.18,0.8,0.49,0.95,0.59,8.71,4.3,5.22,1.33,1.79,1.66,0.24
FPL11,CII,DEF,18.5,Spring,11,79.4,9793.4,711.6,103.9,100.6,75.8,9.89,4.4,13.8,True,0.1,0.12,2.44,0.36,0.31,0.0,0.22,5.96,1.88,4.94,0.0,1.11,1.53,0.9
FPL11,CII,DEF,18.5,Spring,12,75.7,12449.7,818.0,132.6,118.1,100.4,8.84,5.7,13.4,True,0.03,0.0,2.9,0.91,0.26,0.59,0.0,4.16,3.0,4.64,0.54,1.26,2.63,0.89
FPL11,CII,DEF,18.5,Spring,13,67.5,10648.3,792.9,131.7,100.1,104.2,8.86,4.8,21.6,False,,,,,,,,,,,,,,
FPL11,CII,DEF,18.5,Spring,14,79.9,10600.0,570.0,136.4,130.1,121.4,9.63,5.5,20.1,True,0.06,0.64,2.41,0.66,0.28,0.0,0.42,6.14,4.48,6.25,0.99,1.11,1.67,1.48
FPL11,CII,DEF,18.5,Spring,15,75.8,11268.7,731.0,110.5,156.3,105.4,9.56,5.1,22.5,False,,,,,,,,,,,,,,
FPL12,CII,MID,18.9,Autumn,1,22.7,11645.7,743.3,144.1,137.8,134.3,2.92,9.1,15.0,True,0.25,0.87,2.02,0.64,0.27,3.46,1.55,4.29,5.61,1.88,0.86,1.35,1.82,1.04
FPL12,CII,MID,18.9,Autumn,2,64.5,11280.9,734.3,159.4,140.1,121.0,8.55,5.3,7.0,False,,,,,,,,,,,,,,
FPL12,CII,MID,18.9,Autumn,3,78.1,11238.2,964.7,170.0,121.6,91.8,11.45,7.5,8.5,False,,,,,,,,,,,,,,
FPL12,CII,MID,18.9,Autumn,4,70.5,10422.4,785.7,144.7,124.5,113.2,10.0,9.2,12.9,True,0.19,0.97,2.69,0.68,0.2,3.87,0.86,4.72,3.34,2.38,1.58,0.43,1.72,1.02
FPL12,CII,MID,18.9,Autumn,5,86.7,9492.3,840.2,180.2,135.1,119.4,14.8,6.8,11.3,False,,,,,,,,,,,,,,
FPL12,CII,MID,18.9,Autumn,6,79.4,13159.6,916.9,193.1,125.2,122.8,10.27,7.9,13.0,True,0.15,0.92,1.77,0.69,0.27,2.53,1.34,5.69,1.02,2.89,1.69,1.2,1.67,0.48
FPL12,CII,MID,18.9,Autumn,7,88.1,12461.3,1150.0,244.0,168.2,142.7,15.12,9.7,11.4,True,0.27,0.58,3.1,0.55,0.36,3.92,1.08,2.57,2.41,4.47,0.65,0.82,1.42,0.91
FPL12,CII,MID,18.9,Autumn,8,75.0,12427.2,900.3,207.6,131.6,133.0,10.5,7.8,6.8,False,,,,,,,,,,,,,,
FPL12,CII,MID,18.9,Autumn,9,65.6,11356.2,625.0,122.8,112.3,119.9,7.35,8.5,13.4,True,0.47,1.05,1.39,0.51,0.28,2.72,1.41,4.83,3.36,3.4,0.85,0.21,0.85,1.2
FPL12,CII,MID,18.9,Autumn,10,74.5,9440.1,817.1,154.0,142.6,113.5,12.32,8.7,8.8,False,,,,,,,,,,,,,,
FPL12,CII,MID,18.9,Autumn,11,64.7,11950.5,624.9,126.6,145.4,116.9,7.25,6.9,9.0,True,0.14,0.9,1.59,0.39,0.2,2.42,1.35,2.11,3.08,2.24,0.15,1.0,0.82,1.03
FPL12,CII,MID,18.9,Autumn,12,27.2,8779.6,727.0,120.0,122.0,99.6,4.19,6.6,13.2,True,0.28,1.16,1.95,0.52,0.11,1.15,0.69,3.17,2.46,4.21,1.25,0.61,0.94,0.46
FPL12,CII,MID,18.9,Spring,13,71.7,13600.0,810.9,167.6,114.4,118.5,8.06,7.5,9.3,True,0.21,0.44,2.22,0.64,0.2,2.82,0.82,2.93,1.83,2.43,0.58,1.43,1.12,0.96
FPL12,CII,MID,18.9,Spring,14,82.9,10770.4,1063.0,243.6,134.0,136.6,15.16,8.0,9.2,False,,,,,,,,,,,,,,
FPL12,CII,MID,18.9,Spring,15,78.0,13322.6,843.4,141.8,145.4,93.6,8.98,8.0,10.5,True,0.1,0.01,1.7,0.61,0.21,4.57,1.65,3.43,1.62,3.47,0.74,1.14,1.82,0.59
FPL12,CII,MID,18.9,Spring,16,75.7,12795.2,763.1,154.7,110.0,113.1,8.53,8.3,6.8,True,0.11,1.27,1.32,0.51,0.26,2.55,2.27,3.55,2.69,0.98,0.08,0.04,1.41,0.74
FPL12,CII,MID,18.9,Spring,17,65.4,13600.0,829.6,150.2,143.5,104.9,7.46,6.8,8.6,True,0.3,1.21,1.13,0.59,0.19,1.85,0.9,2.58,1.83,1.79,0.97,1.21,2.22,0.0
FPL12,CII,MID,18.9,Spring,18,67.9,11183.6,733.0,155.1,154.1,116.1,9.15,7.0,9.6,True,0.17,1.27,1.55,0.44,0.19,2.48,0.97,4.53,2.08,1.43,0.4,0.73,0.97,0.37
FPL13,U17,DEF,16.9,Autumn,1,77.6,8638.4,660.2,145.9,117.5,120.0,12.17,4.8,23.1,True,0.3,1.29,0.31,0.02,0.12,2.38,0.63,8.24,5.22,3.76,2.02,1.13,1.5,0.44
FPL13,U17,DEF,16.9,Autumn,2,81.4,9834.8,472.0,116.4,119.5,143.2,9.71,6.6,17.2,False,,,,,,,,,,,,,,
FPL13,U17,DEF,16.9,Autumn,3,78.2,8860.2,636.2,126.0,110.3,154.1,11.95,5.0,17.2,True,0.3,1.66,0.61,0.23,0.21,1.09,0.32,5.42,2.54,4.66,0.72,2.17,1.21,0.37
FPL13,U17,DEF,16.9,Autumn,4,92.9,8810.1,822.3,115.3,116.8,116.2,15.41,3.9,20.7,True,0.24,0.92,0.0,0.17,0.04,1.96,0.67,6.65,4.58,4.12,0.49,2.05,0.89,0.08
FPL13,U17,DEF,16.9,Autumn,5,63.5,7686.2,623.1,109.1,105.8,109.6,10.05,6.3,19.8,True,0.29,1.09,1.45,0.34,0.17,1.4,1.04,7.09,3.87,3.44,1.55,0.87,0.6,0.0
FPL13,U17,DEF,16.9,Autumn,6,35.8,10163.7,421.8,122.6,100.5,103.2,3.57,4.3,19.9,True,0.32,1.05,0.18,0.31,0.12,1.22,0.51,6.72,3.96,4.27,1.14,1.25,0.7,0.38
FPL13,U17,DEF,16.9,Autumn,7,50.3,8503.7,417.1,91.5,117.1,79.2,5.6,5.3,18.9,True,0.3,0.95,0.47,0.4,0.1,2.11,0.77,5.22,3.34,4.45,1.46,2.0,1.25,0.28
FPL13,U17,DEF,16.9,Autumn,8,59.9,8680.5,523.5,138.9,120.7,149.1,8.78,4.8,19.3,False,,,,,,,,,,,,,,
FPL13,U17,DEF,16.9,Autumn,9,87.3,8917.4,654.8,154.3,98.5,153.6,13.62,4.5,15.7,False,,,,,,,,,,,,,,
FPL14,U17,ATT,16.1,Autumn,1,40.3,12243.4,747.1,254.3,154.1,103.5,5.41,10.2,3.0,False,,,,,,,,,,,,,,
FPL14,U17,ATT,16.1,Autumn,2,87.6,11216.6,698.5,168.1,146.6,86.5,11.06,10.2,5.0,True,0.32,2.22,1.29,0.47,0.24,3.62,2.15,1.5,0.37,0.0,1.33,1.11,0.5,0.19
FPL14,U17,ATT,16.1,Autumn,3,79.6,10254.2,688.6,175.5,102.5,98.7,10.51,8.9,5.4,False,,,,,,,,,,,,,,
FPL14,U17,ATT,16.1,Autumn,4,93.3,8205.3,544.9,157.4,147.8,102.0,14.55,9.7,4.8,True,0.45,1.43,1.86,0.26,0.22,3.34,2.09,0.4,1.51,1.2,0.8,0.24,0.54,0.32
FPL14,U17,ATT,16.1,Autumn,5,80.8,8733.2,733.3,181.9,125.6,89.8,13.29,9.2,2.9,True,0.54,1.77,0.35,0.41,0.22,4.51,1.52,0.93,0.75,1.17,0.21,0.26,0.87,0.49
FPL14,U17,ATT,16.1,Autumn,6,84.7,8073.4,622.6,138.4,127.1,83.2,13.11,9.5,5.3,False,,,,,,,,,,,,,,
FPL14,U17,ATT,16.1,Autumn,7,79.0,8284.8,704.5,199.3,107.7,110.0,13.72,10.5,6.0,False,,,,,,,,,,,,,,
FPL14,U17,ATT,16.1,Autumn,8,76.5,8758.2,950.8,168.7,118.8,99.3,14.33,12.4,3.7,False,,,,,,,,,,,,,,
FPL14,U17,ATT,16.1,Autumn,9,20.0,10166.7,643.9,127.0,120.5,106.7,2.54,11.0,5.3,False,,,,,,,,,,,,,,
FPL14,U17,ATT,16.1,Autumn,10,25.6,10276.4,561.6,155.1,118.6,93.4,3.04,9.4,4.5,False,,,,,,,,,,,,,,
FPL14,U17,ATT,16.1,Autumn,11,91.1,9578.6,595.6,132.2,116.1,104.1,11.73,10.2,0.1,False,,,,,,,,,,,,,,
FPL14,U17,ATT,16.1,Autumn,12,67.3,9716.9,533.0,115.8,97.6,93.8,7.55,9.6,3.7,False,,,,,,,,,,,,,,
FPL14,U17,ATT,16.1,Autumn,13,90.2,11457.1,756.5,214.9,138.2,125.3,12.64,11.0,3.2,False,,,,,,,,,,,,,,
FPL14,U17,ATT,16.1,Autumn,14,76.7,8090.7,630.8,126.1,148.0,76.6,12.03,8.8,5.0,True,0.4,2.33,1.56,0.33,0.35,2.64,0.81,0.89,2.13,0.0,0.73,0.56,0.28,0.6
FPL14,U17,ATT,16.1,Autumn,15,82.4,8158.5,639.6,158.5,169.8,123.4,14.79,11.0,6.6,False,,,,,,,,,,,,,,
FPL14,U17,ATT,16.1,Autumn,16,71.1,8638.9,620.7,150.8,107.7,79.1,10.05,11.4,6.0,True,0.56,1.67,2.66,0.68,0.28,4.04,1.02,3.41,0.41,1.64,0.07,0.77,0.72,0.52
FPL15,U17,DEF,16.3,Autumn,1,46.9,11048.1,574.2,75.3,102.9,140.9,4.98,6.2,15.5,False,,,,,,,,,,,,,,
FPL15,U17,DEF,16.3,Autumn,2,93.1,13600.0,621.4,88.6,117.6,134.8,8.62,6.3,12.2,True,0.09,0.68,1.77,0.74,0.28,0.35,1.37,4.95,2.63,2.82,0.26,1.29,1.65,0.57
FPL15,U17,DEF,16.3,Autumn,3,48.8,9749.6,515.5,92.5,127.5,122.0,5.77,5.2,11.5,True,0.07,0.04,2.14,0.39,0.11,1.17,1.14,2.63,0.93,3.69,0.78,2.48,0.86,0.6
FPL15,U17,DEF,16.3,Autumn,4,95.7,10378.4,707.3,133.3,140.0,119.5,13.16,5.7,13.1,False,,,,,,,,,,,,,,
FPL15,U17,DEF,16.3,Autumn,5,71.7,12932.2,519.4,101.8,134.6,138.6,6.76,6.1,16.1,False,,,,,,,,,,,,,,
FPL15,U17,DEF,16.3,Autumn,6,57.3,13600.0,846.3,144.8,154.8,160.9,7.14,6.4,12.0,False,,,,,,,,,,,,,,
FPL15,U17,DEF,16.3,Autumn,7,39.5,10648.2,614.3,115.0,120.6,132.3,4.79,6.4,19.3,False,,,,,,,,,,,,,,
FPL15,U17,DEF,16.3,Autumn,8,83.9,11296.9,784.5,123.3,113.0,149.5,11.1,5.6,13.9,True,0.0,0.0,1.91,0.72,0.3,2.79,0.0,2.55,3.4,3.06,1.45,1.22,1.09,0.16
FPL15,U17,DEF,16.3,Autumn,9,82.2,13033.9,513.1,83.9,121.3,87.1,6.66,4.0,14.5,False,,,,,,,,,,,,,,
FPL15,U17,DEF,16.3,Autumn,10,77.1,10167.5,405.4,78.3,128.5,117.8,7.7,4.7,12.9,True,0.15,0.01,1.89,0.46,0.11,1.22,0.47,3.07,3.1,1.57,1.01,2.27,1.01,0.1
FPL15,U17,DEF,16.3,Autumn,11,77.9,12325.4,469.1,75.3,129.7,147.0,7.17,5.4,11.5,True,0.14,0.0,1.49,0.73,0.17,1.34,0.88,5.07,1.49,1.67,0.58,1.7,1.07,0.0
FPL15,U17,DEF,16.3,Spring,12,72.1,12606.5,474.1,104.1,104.9,136.9,6.37,5.0,16.5,True,0.11,0.35,1.46,0.48,0.24,1.13,0.77,6.37,3.82,2.59,1.12,0.87,0.56,0.85
FPL15,U17,DEF,16.3,Spring,13,85.5,11947.6,512.0,94.7,117.0,139.6,8.35,6.0,16.9,True,0.06,1.07,1.68,0.38,0.26,1.45,0.93,5.26,3.55,4.46,1.01,1.82,2.18,0.96
FPL15,U17,DEF,16.3,Spring,14,55.3,13600.0,563.1,86.2,149.7,125.6,5.06,5.1,13.2,True,0.0,0.57,2.21,0.26,0.32,1.31,0.34,4.78,1.8,2.68,0.95,2.05,1.1,0.67
FPL15,U17,DEF,16.3,Spring,15,69.6,13480.5,645.7,139.2,110.6,158.5,7.19,6.1,14.9,False,,,,,,,,,,,,,,
FPL15,U17,DEF,16.3,Spring,16,89.7,10590.2,678.9,146.9,134.4,121.3,11.95,4.0,11.1,True,0.13,0.0,1.6,0.5,0.22,0.18,0.52,3.81,2.6,2.72,1.37,0.75,2.31,0.91
FPL15,U17,DEF,16.3,Spring,17,69.4,13600.0,654.6,124.0,152.3,152.4,7.39,5.9,15.8,True,0.06,0.36,2.01,0.51,0.29,1.36,0.9,5.39,4.22,2.1,1.66,0.94,1.85,0.38
FPL15,U17,DEF,16.3,Spring,18,69.6,12846.2,808.1,130.7,139.6,135.4,8.42,4.8,15.7,True,0.0,0.21,1.94,0.41,0.26,1.3,0.55,6.26,2.18,3.0,1.44,1.2,1.13,0.2
FPL15,U17,DEF,16.3,Spring,19,35.1,13600.0,820.0,143.4,159.4,136.3,4.19,6.5,16.2,True,0.03,0.65,2.05,0.71,0.39,1.22,0.77,5.04,3.43,3.16,1.15,1.44,1.14,0.26
FPL15,U17,DEF,16.3,Spring,20,76.8,12488.7,671.6,112.7,109.6,117.3,7.96,6.0,16.8,True,0.13,0.35,2.06,0.82,0.28,0.95,0.4,4.92,3.78,3.91,1.17,1.02,1.26,0.33
FPL15,U17,DEF,16.3,Spring,21,87.0,13600.0,652.3,100.3,126.5,120.0,8.28,4.5,17.4,True,0.02,0.22,1.29,0.97,0.39,0.37,0.02,5.85,4.94,3.43,0.67,1.16,1.34,0.97
FPL15,U17,DEF,16.3,Spring,22,72.0,11019.9,514.5,87.6,114.9,103.1,7.07,5.0,11.1,True,0.03,0.0,1.8,0.4,0.12,2.15,0.81,2.83,2.11,3.14,1.39,0.0,0.6,0.18
FPL15,U17,DEF,16.3,Spring,23,66.6,13600.0,620.4,89.5,140.3,126.5,6.3,6.8,14.1,True,0.0,0.19,2.24,0.73,0.36,2.13,0.89,6.71,1.51,2.58,1.73,1.05,1.04,1.07
FPL16,U17,ATT,15.6,Autumn,1,64.5,10420.1,838.0,190.5,151.8,104.7,10.13,10.3,2.9,True,0.59,2.57,1.15,0.38,0.24,2.93,1.82,1.92,0.0,0.65,0.71,0.64,1.44,0.65
FPL16,U17,ATT,15.6,Autumn,2,39.8,10515.1,882.7,174.2,173.5,99.9,6.4,9.4,2.3,False,,,,,,,,,,,,,,
FPL16,U17,ATT,15.6,Autumn,3,69.4,8438.9,967.4,244.7,165.1,109.9,15.5,7.4,1.1,True,0.38,1.98,1.12,0.18,0.06,3.04,0.89,0.77,0.0,0.51,1.25,0.49,2.75,0.7
FPL16,U17,ATT,15.6,Autumn,4,68.6,11493.2,780.3,220.9,131.4,129.6,9.76,8.2,0.0,True,0.39,1.31,1.15,0.56,0.25,2.77,1.25,0.25,0.0,0.0,0.0,0.0,1.43,0.59
FPL16,U17,ATT,15.6,Autumn,5,30.9,10416.5,728.0,144.8,121.4,86.8,4.04,8.8,0.0,True,0.35,2.0,1.24,0.46,0.31,3.25,1.03,1.58,0.1,0.0,0.0,0.24,1.49,0.93
FPL16,U17,ATT,15.6,Autumn,6,76.6,10150.6,584.1,164.5,127.7,134.5,10.23,8.7,0.2,True,0.48,1.27,1.74,0.4,0.26,3.38,0.89,0.08,0.59,0.0,0.56,0.26,1.71,0.54
FPL16,U17,ATT,15.6,Autumn,7,24.2,9307.7,756.4,148.1,120.9,96.1,3.68,8.6,3.7,False,,,,,,,,,,,,,,
FPL16,U17,ATT,15.6,Autumn,8,34.8,9488.2,626.9,146.9,119.9,125.5,4.91,7.2,3.5,True,0.28,1.84,0.44,0.37,0.08,2.13,1.88,1.81,0.69,0.25,1.0,0.64,1.65,0.65
FPL16,U17,ATT,15.6,Spring,9,87.6,11857.6,699.7,236.9,126.8,104.7,11.21,9.4,2.9,True,0.36,1.49,1.13,0.78,0.29,3.52,1.43,1.5,0.75,1.22,0.04,0.0,1.29,0.1
FPL16,U17,ATT,15.6,Spring,10,52.6,9547.7,980.9,174.7,173.2,113.1,10.01,10.5,2.5,True,0.53,1.76,2.08,0.57,0.08,2.76,2.07,1.99,0.69,0.0,0.47,0.49,1.64,0.56
FPL16,U17,ATT,15.6,Spring,11,77.1,10277.9,943.3,251.2,165.7,118.1,14.16,9.2,0.5,True,0.55,1.7,1.21,0.38,0.25,3.45,1.31,0.86,0.0,0.0,0.75,0.24,1.86,0.37
FPL16,U17,ATT,15.6,Spring,12,78.2,9108.5,685.3,198.5,130.4,93.8,12.29,9.9,1.8,True,0.44,2.31,1.15,0.58,0.15,3.89,1.28,2.03,0.0,0.0,0.84,0.43,1.64,0.84
FPL16,U17,ATT,15.6,Spring,13,72.8,10699.2,728.7,137.5,132.8,93.1,9.44,9.9,0.0,True,0.27,2.43,1.8,0.82,0.11,3.37,0.93,0.94,0.09,0.0,0.03,0.15,1.82,0.47
FPL16,U17,ATT,15.6,Spring,14,93.8,8926.3,726.3,179.5,134.2,109.3,15.58,8.6,0.0,False,,,,,,,,,,,,,,
FPL16,U17,ATT,15.6,Spring,15,47.4,10312.2,685.2,153.7,148.0,91.0,6.41,8.3,0.1,True,0.51,2.43,1.72,0.16,0.09,3.33,0.17,0.65,0.15,0.0,0.07,0.92,2.19,0.3
FPL16,U17,ATT,15.6,Spring,16,89.4,8457.9,764.9,174.7,183.4,98.4,16.82,7.6,3.7,False,,,,,,,,,,,,,,
FPL16,U17,ATT,15.6,Spring,17,90.5,12068.2,935.1,290.0,171.6,130.2,14.8,10.3,1.3,True,0.4,2.47,1.96,0.43,0.19,3.7,1.19,0.0,0.53,0.0,1.12,0.0,0.98,0.47
FPL16,U17,ATT,15.6,Spring,18,57.2,10271.1,1150.0,200.9,151.7,91.3,10.79,9.2,0.0,True,0.32,2.31,1.04,0.29,0.21,3.62,1.71,1.12,0.0,0.29,0.31,0.69,2.77,0.85
FPL16,U17,ATT,15.6,Spring,19,79.7,9057.5,879.1,254.4,156.7,128.7,16.11,10.8,1.1,True,0.61,1.74,1.61,0.57,0.24,1.88,2.92,0.44,0.0,0.77,0.68,0.78,1.82,0.94
FPL16,U17,ATT,15.6,Spring,20,77.8,10586.9,941.7,280.9,133.7,142.1,14.07,9.9,0.8,True,0.37,1.93,1.66,0.11,0.35,3.06,2.4,0.0,1.72,0.0,0.0,0.29,1.32,0.93
FPL16,U17,ATT,15.6,Spring,21,75.3,10428.9,723.3,260.9,179.5,128.6,12.5,10.5,0.5,False,,,,,,,,,,,,,,
FPL16,U17,ATT,15.6,Spring,22,86.0,11519.8,624.0,228.9,132.8,123.6,11.05,9.8,2.2,True,0.45,1.96,1.68,0.62,0.38,0.96,2.23,0.7,0.0,0.0,1.64,0.59,1.34,0.77
FPL16,U17,ATT,15.6,Spring,23,36.1,11260.2,778.2,211.4,133.3,112.9,5.09,10.8,0.9,True,0.44,2.23,0.94,0.79,0.23,3.71,1.98,0.92,0.8,0.05,0.05,0.5,1.37,0.8
FPL16,U17,ATT,15.6,Spring,24,71.8,8470.1,783.8,206.4,148.9,128.0,13.96,8.6,1.9,True,0.27,2.27,1.79,0.4,0.17,2.09,1.35,0.0,0.84,1.5,0.74,0.06,2.01,0.72
FPL16,U17,ATT,15.6,Spring,25,81.9,9957.9,892.8,216.3,165.1,113.2,14.59,10.1,0.0,True,0.36,1.86,1.38,0.35,0.21,4.57,1.95,1.04,0.0,0.0,0.0,0.9,2.49,0.39
FPL17,U17,MID,16.0,Autumn,1,94.9,10493.8,582.3,94.3,114.4,103.4,10.48,8.7,13.5,True,0.24,0.75,2.19,0.42,0.42,2.71,1.74,4.8,1.21,3.23,1.03,1.58,0.5,0.12
FPL17,U17,MID,16.0,Autumn,2,84.2,13596.1,677.6,114.7,135.6,99.1,8.17,9.3,12.0,True,0.21,1.28,2.15,0.6,0.43,3.52,1.04,3.71,2.39,2.99,1.32,0.53,1.19,0.46
FPL17,U17,MID,16.0,Autumn,3,65.2,12379.8,592.4,128.0,102.7,119.6,6.47,10.3,16.6,True,0.06,2.25,2.87,0.52,0.33,2.54,1.8,5.8,3.18,3.28,1.33,1.7,1.91,0.44
FPL17,U17,MID,16.0,Autumn,4,93.9,10498.6,602.6,112.0,112.8,105.1,10.79,11.2,14.3,False,,,,,,,,,,,,,,
FPL17,U17,MID,16.0,Autumn,5,85.4,13014.8,683.6,138.4,104.6,99.5,8.52,10.7,11.3,True,0.38,1.08,2.25,1.2,0.33,3.04,1.37,2.16,3.23,1.38,2.0,1.58,1.95,0.74
FPL17,U17,MID,16.0,Autumn,6,82.4,13600.0,650.9,126.6,102.5,103.2,7.59,10.8,13.0,False,,,,,,,,,,,,,,
FPL17,U17,MID,16.0,Autumn,7,82.4,9821.0,843.4,112.0,105.8,111.4,12.12,10.3,12.9,True,0.21,1.83,2.25,0.81,0.31,3.49,1.2,4.82,3.33,2.28,1.55,0.69,1.95,1.14
FPL17,U17,MID,16.0,Autumn,8,20.5,10692.3,613.8,102.6,110.2,122.3,2.37,11.8,11.8,True,0.21,1.17,2.5,1.01,0.36,3.04,2.87,5.86,1.77,1.97,1.24,0.6,1.35,0.6
FPL17,U17,MID,16.0,Autumn,9,64.7,9949.0,821.2,105.2,124.5,94.2,9.22,10.9,11.5,True,0.16,1.69,2.51,0.84,0.38,3.1,1.97,5.77,1.71,1.43,1.53,0.87,1.4,0.88
FPL17,U17,MID,16.0,Spring,10,64.7,9836.2,740.0,133.5,101.8,109.6,8.97,11.7,10.2,True,0.28,1.81,2.68,0.8,0.42,3.84,1.63,3.3,2.23,2.1,1.23,1.42,1.91,1.08
FPL17,U17,MID,16.0,Spring,11,95.5,11725.0,775.6,144.9,129.7,117.2,12.11,9.4,13.0,True,0.33,0.83,2.78,1.14,0.34,1.32,1.06,5.4,4.06,1.09,0.85,1.19,2.38,0.4
FPL17,U17,MID,16.0,Spring,12,82.1,13600.0,610.9,170.2,115.5,143.5,8.36,9.2,14.0,False,,,,,,,,,,,,,,
FPL17,U17,MID,16.0,Spring,13,28.3,12945.9,747.8,126.7,94.7,102.8,2.91,8.3,11.3,True,0.16,0.69,3.05,0.59,0.42,2.38,0.62,3.44,2.78,2.58,1.18,0.93,1.07,1.34
FPL17,U17,MID,16.0,Spring,14,62.3,13600.0,945.9,151.8,104.6,98.0,7.23,10.9,13.7,True,0.34,2.12,2.93,0.48,0.4,2.12,1.8,4.07,2.72,2.58,1.38,1.9,1.62,0.66
FPL17,U17,MID,16.0,Spring,15,92.5,10246.2,772.1,133.7,143.9,99.5,13.18,9.4,10.8,True,0.04,0.47,2.67,1.22,0.38,2.23,1.56,3.71,1.23,2.69,1.21,1.51,1.3,0.74
FPL17,U17,MID,16.0,Spring,16,84.0,10480.0,676.0,132.5,148.0,101.8,11.02,9.1,10.2,True,0.25,1.19,2.36,0.91,0.44,1.49,1.23,3.36,1.63,1.75,1.55,1.41,1.41,0.77
FPL17,U17,MID,16.0,Spring,17,83.1,11754.5,901.9,162.8,166.2,121.1,12.16,9.5,16.9,True,0.23,0.19,2.8,0.82,0.37,3.19,1.51,6.64,2.98,3.26,1.15,1.49,1.36,0.54
FPL18,U17,MID,15.6,Autumn,1,85.2,11194.4,667.8,134.3,115.3,106.1,9.99,10.0,5.7,True,0.21,0.0,2.15,0.83,0.37,4.56,2.08,2.5,1.62,1.1,0.11,0.45,0.92,0.42
FPL18,U17,MID,15.6,Autumn,2,81.3,12577.6,640.8,107.8,128.5,105.3,8.21,8.9,10.4,True,0.06,0.1,1.94,0.73,0.46,4.08,1.8,4.01,2.16,1.93,0.14,0.66,0.0,0.0
FPL18,U17,MID,15.6,Autumn,3,65.9,10834.5,534.5,110.6,98.0,109.7,6.79,9.6,4.9,False,,,,,,,,,,,,,,
FPL18,U17,MID,15.6,Autumn,4,71.5,9761.0,896.8,156.5,138.0,157.4,12.62,8.5,11.3,False,,,,,,,,,,,,,,
FPL18,U17,MID,15.6,Autumn,5,38.9,13600.0,1059.1,179.2,140.2,134.3,5.36,10.6,4.7,False,,,,,,,,,,,,,,
FPL18,U17,MID,15.6,Autumn,6,40.2,12865.2,778.6,162.9,152.5,117.5,4.88,10.7,10.9,True,0.15,0.33,3.2,0.82,0.32,4.44,1.79,4.16,2.05,3.42,0.34,0.23,0.59,0.64
FPL18,U17,MID,15.6,Autumn,7,68.3,13600.0,930.2,166.4,142.8,143.0,8.8,10.7,9.7,True,0.25,0.86,3.09,0.93,0.39,3.18,1.44,4.03,2.05,2.08,0.0,0.76,0.71,0.16
FPL18,U17,MID,15.6,Autumn,8,70.2,13600.0,615.2,108.2,133.8,110.2,6.53,7.9,5.8,False,,,,,,,,,,,,,,
FPL18,U17,MID,15.6,Autumn,9,75.0,12679.2,525.0,102.8,143.6,126.1,7.2,10.5,6.5,False,,,,,,,,,,,,,,
FPL18,U17,MID,15.6,Autumn,10,76.7,11959.2,602.7,108.2,99.8,149.9,8.1,9.8,7.8,True,0.08,0.87,2.5,0.62,0.4,3.95,1.85,2.32,3.51,1.2,0.0,0.24,0.88,0.5
FPL18,U17,MID,15.6,Autumn,11,87.0,13230.3,588.9,100.1,94.2,121.2,7.69,10.5,5.8,True,0.13,0.79,2.24,1.03,0.33,3.86,2.01,1.39,1.74,2.52,0.07,0.0,0.92,0.46
FPL18,U17,MID,15.6,Autumn,12,22.6,9494.5,533.9,117.8,106.4,100.1,2.68,11.5,12.1,False,,,,,,,,,,,,,,
FPL18,U17,MID,15.6,Autumn,13,76.9,13067.6,551.5,88.1,129.5,129.6,7.08,12.6,7.6,True,0.04,0.56,3.96,0.94,0.26,5.42,2.3,2.31,2.49,2.25,0.05,0.0,0.84,0.27
FPL18,U17,MID,15.6,Autumn,14,92.3,11443.3,530.6,86.1,116.2,95.6,8.74,10.6,7.7,True,0.04,0.53,2.75,1.07,0.35,4.69,1.52,2.48,2.97,1.5,0.25,0.17,1.18,0.38
FPL18,U17,MID,15.6,Autumn,15,90.8,10212.5,593.9,83.5,115.8,117.0,10.53,9.5,6.5,True,0.15,1.19,2.95,0.48,0.51,2.64,1.38,3.14,0.92,1.28,0.63,0.0,0.0,0.5
FPL18,U17,MID,15.6,Autumn,16,25.0,10903.8,593.6,128.9,130.1,121.1,2.96,9.3,8.2,False,,,,,,,,,,,,,,
FPL18,U17,MID,15.6,Spring,17,94.0,13204.9,668.0,132.3,128.9,131.4,9.87,10.1,6.7,False,,,,,,,,,,,,,,
FPL18,U17,MID,15.6,Spring,18,93.4,11251.1,1004.9,176.4,128.5,174.5,15.57,11.5,8.1,True,0.16,1.26,3.41,1.27,0.25,2.43,1.87,2.91,1.31,2.72,0.54,0.0,0.49,0.38
FPL18,U17,MID,15.6,Spring,19,58.1,11308.3,1016.7,216.6,153.4,159.4,10.11,10.8,6.1,True,0.09,0.28,2.64,0.77,0.57,4.94,1.91,1.41,1.63,2.27,0.33,0.0,0.08,0.79
FPL18,U17,MID,15.6,Spring,20,37.6,12497.7,735.0,157.6,165.8,123.1,4.66,11.8,5.2,True,0.13,0.3,3.33,1.2,0.57,3.48,2.19,3.31,0.0,1.65,0.08,0.05,0.31,0.0
FPL18,U17,MID,15.6,Spring,21,89.9,13600.0,829.3,173.2,166.4,134.0,11.17,10.6,6.6,True,0.03,1.32,3.09,1.04,0.4,3.45,1.16,3.57,0.15,3.09,0.0,0.0,0.36,0.61
FPL18,U17,MID,15.6,Spring,22,90.0,10722.5,1010.9,222.0,145.4,121.9,15.77,11.9,8.4,True,0.28,0.26,3.22,1.0,0.39,3.64,2.61,4.32,2.4,1.32,0.02,0.44,0.84,0.79
FPL18,U17,MID,15.6,Spring,23,20.9,11112.5,743.0,112.8,119.9,94.2,2.52,10.5,8.5,True,0.04,0.93,3.04,0.52,0.5,3.14,2.44,1.87,1.82,2.76,0.03,1.3,0.89,0.29
FPL19,U17,DEF,16.0,Autumn,1,22.4,13417.7,475.7,99.3,101.0,110.5,1.75,6.9,17.8,True,0.09,0.99,1.67,0.33,0.35,1.73,1.57,6.01,3.47,3.31,1.84,1.01,1.59,0.02
FPL19,U17,DEF,16.0,Autumn,2,93.4,11484.6,641.5,195.3,146.2,144.4,12.32,7.1,18.2,True,0.0,0.34,3.61,0.8,0.33,1.45,0.01,4.52,3.34,5.51,1.24,1.4,1.1,0.48
FPL19,U17,DEF,16.0,Autumn,3,73.7,10691.9,865.5,123.2,108.4,101.4,10.13,8.6,12.3,True,0.09,1.19,3.01,0.62,0.29,1.89,1.16,3.79,2.97,2.55,1.0,1.02,1.18,0.65
FPL19,U17,DEF,16.0,Autumn,4,31.4,10646.9,801.1,160.7,137.1,148.5,4.76,5.8,18.9,False,,,,,,,,,,,,,,
FPL19,U17,DEF,16.0,Autumn,5,41.5,9580.1,567.5,108.7,103.4,120.3,5.1,5.9,19.7,True,0.24,0.11,1.98,0.51,0.41,1.04,0.62,2.67,4.5,5.79,2.06,1.99,1.98,0.54
FPL19,U17,DEF,16.0,Autumn,6,70.1,9023.1,532.9,133.6,134.4,94.9,9.26,8.8,19.0,False,,,,,,,,,,,,,,
FPL19,U17,DEF,16.0,Autumn,7,31.7,10219.3,734.6,160.6,121.1,130.5,4.58,8.1,18.3,True,0.25,0.37,2.69,0.94,0.16,1.92,0.97,6.47,3.48,4.83,0.86,0.92,1.16,0.51
FPL19,U17,DEF,16.0,Autumn,8,76.0,12573.7,503.5,101.9,131.6,108.6,6.87,5.3,17.7,False,,,,,,,,,,,,,,
FPL19,U17,DEF,16.0,Autumn,9,26.9,9398.7,537.9,90.1,94.9,89.3,2.98,6.6,16.5,True,0.04,0.82,2.03,0.48,0.3,1.68,1.07,6.89,1.62,2.77,1.59,1.79,0.03,0.81
FPL19,U17,DEF,16.0,Autumn,10,64.8,9793.2,585.6,101.4,86.6,96.1,7.3,7.3,17.2,False,,,,,,,,,,,,,,
FPL19,U17,DEF,16.0,Autumn,11,79.8,10275.2,584.9,98.1,91.4,105.3,8.74,7.9,17.8,False,,,,,,,,,,,,,,
FPL19,U17,DEF,16.0,Autumn,12,64.6,11963.2,602.2,117.1,96.3,100.8,6.33,7.2,17.1,True,0.0,0.52,3.2,0.88,0.45,1.11,0.11,5.92,3.76,3.74,0.28,1.77,1.09,0.47
FPL19,U17,DEF,16.0,Autumn,13,46.9,12400.3,600.5,107.7,101.6,105.5,4.45,5.4,16.1,False,,,,,,,,,,,,,,
FPL19,U17,DEF,16.0,Autumn,14,83.3,10370.6,649.9,169.6,137.9,143.7,11.78,6.4,16.3,True,0.1,0.35,2.71,0.4,0.33,1.98,0.42,4.32,4.92,3.27,0.99,1.35,2.12,0.47
FPL19,U17,DEF,16.0,Autumn,15,70.4,9898.8,782.5,143.7,122.8,105.1,10.34,7.5,14.2,False,,,,,,,,,,,,,,
FPL19,U17,DEF,16.0,Autumn,16,85.4,9566.1,764.5,149.0,128.5,108.0,13.05,7.0,19.6,True,0.0,0.0,3.11,0.59,0.24,1.17,1.51,5.69,5.88,2.54,2.03,0.67,0.67,0.99
FPL19,U17,DEF,16.0,Spring,17,91.6,11606.5,697.9,136.4,93.3,110.9,10.35,7.1,17.1,False,,,,,,,,,,,,,,
FPL19,U17,DEF,16.0,Spring,18,34.3,11433.1,659.1,126.1,118.2,105.6,3.89,6.9,19.3,True,0.18,0.0,2.89,0.48,0.25,2.23,0.66,6.12,4.47,3.37,1.4,1.24,0.88,0.25
FPL19,U17,DEF,16.0,Spring,19,43.7,10151.4,487.9,99.7,104.5,96.2,4.47,7.6,17.9,False,,,,,,,,,,,,,,
FPL19,U17,DEF,16.0,Spring,20,77.9,11622.3,535.6,121.7,121.3,102.6,7.81,8.1,14.7,False,,,,,,,,,,,,,,
FPL19,U17,DEF,16.0,Spring,21,91.7,8963.7,646.3,89.3,106.5,107.4,12.36,8.3,18.9,True,0.18,1.09,1.83,0.57,0.2,2.39,1.85,4.56,3.94,4.33,1.74,1.51,0.7,0.58
FPL19,U17,DEF,16.0,Spring,22,52.6,10512.8,460.1,127.2,106.0,88.5,5.2,7.2,11.5,True,0.23,0.39,1.62,0.5,0.21,2.71,1.45,2.68,1.78,3.86,1.67,0.92,1.9,0.63
FPL19,U17,DEF,16.0,Spring,23,80.5,8669.6,662.1,135.0,107.6,100.9,11.91,8.2,16.0,True,0.21,0.47,2.33,0.79,0.35,1.78,1.42,4.37,3.06,4.67,0.8,1.85,1.89,0.46
FPL19,U17,DEF,16.0,Spring,24,84.8,11229.9,505.9,115.8,124.3,100.9,8.53,8.2,14.0,True,0.16,0.53,2.71,0.64,0.21,3.32,0.76,4.06,2.83,3.05,0.78,0.98,0.14,0.11
FPL19,U17,DEF,16.0,Spring,25,57.4,9091.8,796.1,117.3,116.7,104.5,8.93,6.1,19.0,True,0.06,0.9,2.08,0.37,0.39,0.0,1.41,5.61,3.64,4.88,1.23,1.5,0.56,1.0
FPL19,U17,DEF,16.0,Spring,26,86.0,12963.8,557.4,122.5,99.8,115.1,7.77,6.8,15.4,False,,,,,,,,,,,,,,
FPL19,U17,DEF,16.0,Spring,27,95.7,9364.9,598.1,134.8,121.5,124.8,13.21,7.2,13.3,True,0.13,0.65,2.36,0.52,0.23,2.04,1.08,4.08,2.34,3.02,1.22,0.92,1.09,0.0
FPL19,U17,DEF,16.0,Spring,28,77.3,11679.8,688.0,132.7,94.1,147.3,9.06,8.3,18.4,False,,,,,,,,,,,,,,
FPL19,U17,DEF,16.0,Spring,29,82.9,9685.1,762.0,141.5,100.1,119.2,12.09,6.0,16.0,True,0.27,0.21,2.31,0.6,0.21,0.77,0.58,4.39,2.51,4.96,0.29,2.15,0.72,0.52
FPL20,U17,DEF,15.9,Autumn,1,60.4,11061.9,408.6,69.6,114.0,117.8,5.33,5.0,19.6,False,,,,,,,,,,,,,,
FPL20,U17,DEF,15.9,Autumn,2,81.9,11559.4,467.6,79.8,117.4,106.9,7.34,6.7,23.5,True,0.02,0.43,1.62,0.65,0.3,2.68,1.12,6.21,5.94,3.98,1.27,2.24,0.76,0.19
FPL20,U17,DEF,15.9,Autumn,3,44.9,8408.5,522.1,100.3,118.5,122.1,6.16,7.1,18.9,False,,,,,,,,,,,,,,
FPL20,U17,DEF,15.9,Autumn,4,67.2,10933.8,598.3,86.3,113.5,115.5,7.29,6.2,16.8,False,,,,,,,,,,,,,,
FPL20,U17,DEF,15.9,Autumn,5,75.5,11684.4,545.8,100.2,113.0,123.4,7.56,7.0,16.1,False,,,,,,,,,,,,,,
FPL20,U17,DEF,15.9,Autumn,6,64.8,11251.3,518.4,93.5,134.1,148.7,7.05,7.3,21.2,True,0.17,0.21,2.22,0.4,0.34,2.42,1.41,6.44,3.65,4.03,1.64,1.95,0.23,0.13
FPL20,U17,DEF,15.9,Autumn,7,80.3,11557.0,597.7,84.9,111.7,95.6,7.92,7.4,16.1,False,,,,,,,,,,,,,,
FPL20,U17,DEF,15.9,Autumn,8,79.0,12064.2,545.5,130.6,137.7,146.8,8.58,7.9,23.7,True,0.09,0.17,2.06,0.93,0.15,3.05,1.44,5.92,5.89,3.71,1.88,1.74,0.27,0.0
FPL20,U17,DEF,15.9,Autumn,9,69.3,9101.5,570.3,127.5,144.6,119.9,9.83,5.9,22.1,False,,,,,,,,,,,,,,
FPL20,U17,DEF,15.9,Autumn,10,29.4,10703.7,731.9,137.3,155.6,116.1,4.07,7.1,15.2,False,,,,,,,,,,,,,,
FPL20,U17,DEF,15.9,Autumn,11,94.0,11876.5,586.8,106.0,126.6,162.3,10.47,6.6,12.8,True,0.05,1.02,1.47,0.51,0.42,1.52,1.19,2.31,2.78,3.48,1.74,0.87,0.87,0.77
FPL20,U17,DEF,15.9,Autumn,12,72.8,12767.5,585.6,111.9,161.3,110.4,7.4,6.1,21.0,True,0.09,0.37,1.88,0.36,0.34,1.3,1.44,5.55,5.07,3.99,2.19,0.68,0.09,0.73
FPL20,U17,DEF,15.9,Autumn,13,81.5,10470.4,458.6,142.8,119.5,157.7,9.55,7.6,19.6,True,0.13,0.76,2.34,0.73,0.23,2.43,0.69,4.33,5.95,3.47,1.35,1.4,1.04,0.35
FPL20,U17,DEF,15.9,Spring,14,70.2,9903.0,750.6,137.0,144.3,91.9,10.13,7.8,20.3,True,0.17,0.18,2.3,0.72,0.31,1.79,1.68,8.56,3.61,3.47,0.95,1.93,1.18,0.56
FPL20,U17,DEF,15.9,Spring,15,37.1,9227.7,702.9,106.7,129.4,150.4,5.72,7.3,18.5,False,,,,,,,,,,,,,,
FPL20,U17,DEF,15.9,Spring,16,74.2,13293.2,624.1,126.9,108.3,143.9,7.37,7.1,20.1,False,,,,,,,,,,,,,,
FPL20,U17,DEF,15.9,Spring,17,74.2,11144.9,559.3,107.7,117.8,103.3,7.74,9.4,18.2,True,0.14,1.03,2.72,1.07,0.08,2.78,1.33,6.04,2.93,4.16,0.86,1.59,0.42,0.0
FPL20,U17,DEF,15.9,Spring,18,36.4,13297.1,715.9,108.8,125.2,120.6,3.76,5.7,19.1,True,0.0,0.25,1.63,0.33,0.46,2.02,1.07,6.0,4.0,4.03,1.3,1.5,1.03,0.55
FPL20,U17,DEF,15.9,Spring,19,81.1,11473.0,532.1,89.5,124.8,119.0,8.16,6.3,17.8,True,0.11,0.34,2.11,0.69,0.31,1.63,0.57,7.8,2.62,3.01,0.95,1.9,1.01,0.5
FPL20,U17,DEF,15.9,Spring,20,46.3,11961.1,474.5,104.1,81.7,128.8,4.07,5.4,16.5,True,0.1,0.26,1.51,0.61,0.24,1.3,0.81,6.88,3.57,1.96,0.34,1.77,0.7,0.0
FPL20,U17,DEF,15.9,Spring,21,76.6,10117.6,476.5,88.3,111.2,113.6,8.02,4.9,17.0,True,0.11,0.92,1.54,0.31,0.17,0.52,0.85,6.05,3.46,5.0,0.18,1.07,1.46,0.43
FPL20,U17,DEF,15.9,Spring,22,91.6,12009.1,527.6,71.5,121.2,96.4,8.16,6.6,16.7,True,0.09,0.57,1.89,0.41,0.27,2.9,0.79,4.34,3.98,4.41,0.45,1.66,1.15,0.42
FPL20,U17,DEF,15.9,Spring,23,84.8,12285.9,647.0,90.7,136.0,128.7,9.06,6.3,17.0,True,0.22,0.37,2.01,0.88,0.16,1.81,0.12,6.3,2.39,5.21,0.52,0.22,0.0,0.0
FPL20,U17,DEF,15.9,Spring,24,38.1,12057.0,411.3,103.2,102.9,119.5,3.2,6.4,18.4,True,0.19,0.16,2.64,0.51,0.24,2.09,0.25,6.34,4.53,2.94,0.73,1.84,0.92,0.58
FPL21,U17,DEF,15.7,Autumn,1,50.6,10406.9,539.6,74.7,96.4,109.2,5.17,5.6,15.1,False,,,,,,,,,,,,,,
FPL21,U17,DEF,15.7,Autumn,2,84.0,13600.0,714.4,134.8,121.4,120.7,8.66,6.0,10.2,False,,,,,,,,,,,,,,
FPL21,U17,DEF,15.7,Autumn,3,62.6,12531.2,656.9,128.7,138.9,132.0,6.96,5.2,15.4,True,0.0,0.4,0.57,0.31,0.0,2.91,1.88,4.04,3.11,3.67,1.53,1.82,1.64,0.92
FPL21,U17,DEF,15.7,Autumn,4,52.6,12978.3,620.1,98.1,107.8,129.5,5.04,4.2,14.9,False,,,,,,,,,,,,,,
FPL21,U17,DEF,15.7,Autumn,5,71.8,10750.9,842.5,136.9,146.2,124.5,10.61,6.3,15.7,False,,,,,,,,,,,,,,
FPL21,U17,DEF,15.7,Autumn,6,49.9,13600.0,598.3,109.8,114.7,136.2,4.64,6.6,13.0,True,0.01,0.51,0.76,0.68,0.0,3.38,1.96,4.42,1.98,3.25,1.2,1.64,1.78,0.69
FPL21,U17,DEF,15.7,Autumn,7,23.8,12707.4,593.5,115.9,131.4,128.4,2.41,4.9,12.5,False,,,,,,,,,,,,,,
FPL21,U17,DEF,15.7,Autumn,8,32.9,11511.2,659.3,113.2,157.9,150.3,4.14,5.4,15.2,True,0.0,0.81,0.52,0.29,0.25,2.59,1.44,4.51,2.62,3.08,1.33,1.29,0.17,0.29
FPL21,U17,DEF,15.7,Autumn,9,82.2,12035.8,557.7,85.8,98.6,110.8,7.55,3.0,12.0,False,,,,,,,,,,,,,,
FPL21,U17,DEF,15.7,Autumn,10,51.5,13094.6,490.1,89.5,119.0,88.8,4.09,5.0,16.7,True,0.0,0.15,1.45,0.0,0.09,3.17,1.27,4.26,4.03,4.21,0.63,1.29,0.88,0.26
FPL21,U17,DEF,15.7,Autumn,11,93.2,10654.2,459.8,82.2,108.1,112.9,8.97,4.3,12.9,True,0.0,0.0,0.51,0.0,0.07,3.2,1.74,4.44,2.02,3.34,0.73,1.68,1.11,0.85
FPL21,U17,DEF,15.7,Autumn,12,65.1,11013.2,461.8,78.1,104.5,90.7,5.73,3.9,11.0,True,0.0,0.06,0.34,0.1,0.15,1.79,1.98,3.78,2.46,3.25,0.37,0.94,1.41,0.84
FPL21,U17,DEF,15.7,Autumn,13,84.9,12974.1,491.6,80.9,116.9,131.5,7.26,4.4,15.7,True,0.06,0.39,0.28,0.1,0.11,3.54,1.0,5.27,3.79,4.21,0.59,1.17,1.37,1.31
FPL21,U17,DEF,15.7,Spring,14,58.7,11674.2,514.1,93.5,108.8,101.0,5.4,4.5,11.7,True,0.0,0.0,0.49,0.33,0.06,1.58,2.31,3.52,1.82,4.32,0.92,0.68,1.98,0.32
FPL21,U17,DEF,15.7,Spring,15,88.6,12087.8,581.6,83.2,109.5,112.5,8.43,5.3,13.9,True,0.0,0.05,1.16,0.04,0.14,3.1,1.81,4.8,3.92,1.27,1.35,1.11,1.65,0.15
FPL21,U17,DEF,15.7,Spring,16,83.7,10270.3,613.3,110.0,98.8,114.3,9.82,5.4,15.3,True,0.0,0.54,1.46,0.29,0.0,3.64,0.65,4.9,2.15,3.73,1.72,1.66,1.75,0.54
FPL21,U17,DEF,15.7,Spring,17,57.2,11312.3,486.9,94.0,101.0,121.3,5.42,5.0,14.9,True,0.0,0.56,0.92,0.0,0.23,2.14,1.77,5.22,2.6,3.98,1.68,0.34,1.33,0.75
FPL21,U17,DEF,15.7,Spring,18,85.4,11916.7,597.6,107.5,127.8,158.3,9.54,4.1,16.1,True,0.0,0.0,0.76,0.0,0.05,2.99,1.48,4.07,2.71,4.43,1.13,2.22,1.25,0.74
FPL21,U17,DEF,15.7,Spring,19,30.4,11832.3,616.3,112.3,131.2,129.7,3.36,4.9,11.3,True,0.02,0.0,1.06,0.18,0.21,2.51,1.55,2.97,2.36,3.35,1.3,0.24,1.07,0.56
FPL22,U17,MID,17.1,Autumn,1,69.6,12085.0,469.4,126.1,112.7,122.8,6.51,10.8,4.7,False,,,,,,,,,,,,,,
FPL22,U17,MID,17.1,Autumn,2,61.6,10069.9,655.8,119.8,146.9,103.2,8.17,10.9,6.2,True,0.1,0.0,3.41,0.79,0.39,4.9,1.84,1.39,1.01,2.61,0.92,0.35,1.46,0.54
FPL22,U17,MID,17.1,Autumn,3,25.8,10164.9,676.0,165.0,144.1,172.6,3.96,11.0,11.0,False,,,,,,,,,,,,,,
FPL22,U17,MID,17.1,Autumn,4,94.1,10507.6,931.5,163.8,153.9,162.3,16.2,10.5,4.2,True,0.28,0.0,2.58,0.9,0.47,5.2,1.24,1.71,1.32,0.86,0.28,0.96,2.28,0.24
FPL22,U17,MID,17.1,Autumn,5,56.1,10379.3,699.7,169.2,129.4,121.4,7.87,11.3,7.0,True,0.24,0.28,3.18,0.79,0.4,4.77,1.92,1.72,0.0,1.62,1.95,0.89,0.85,0.29
FPL22,U17,MID,17.1,Autumn,6,38.0,10213.7,747.1,129.4,127.9,140.6,5.5,11.8,4.6,False,,,,,,,,,,,,,,
FPL22,U17,MID,17.1,Autumn,7,41.2,10999.9,492.1,131.1,118.4,117.2,4.34,10.5,7.8,False,,,,,,,,,,,,,,
FPL22,U17,MID,17.1,Autumn,8,72.9,13600.0,735.1,117.6,131.2,100.4,7.37,9.2,6.5,False,,,,,,,,,,,,,,
FPL22,U17,MID,17.1,Autumn,9,83.9,9569.5,552.1,107.4,128.3,109.5,10.42,9.5,6.6,True,0.13,0.31,3.02,0.44,0.28,4.61,1.51,2.06,1.9,0.72,0.2,1.57,0.92,0.6
FPL22,U17,MID,17.1,Autumn,10,71.6,10432.6,527.3,132.1,112.9,110.2,8.04,10.8,8.2,True,0.12,0.0,2.91,0.83,0.47,4.71,2.08,3.83,1.82,0.92,0.66,0.58,1.09,0.26
FPL23,U17,DEF,15.7,Autumn,1,92.4,9677.3,628.6,99.1,127.3,100.8,11.78,5.5,21.1,False,,,,,,,,,,,,,,
FPL23,U17,DEF,15.7,Autumn,2,95.2,13600.0,671.0,91.8,106.9,99.6,8.56,6.6,21.6,False,,,,,,,,,,,,,,
FPL23,U17,DEF,15.7,Autumn,3,88.2,10694.0,476.9,90.5,97.7,113.2,8.53,6.9,17.6,True,0.16,0.0,3.02,0.46,0.37,1.41,0.88,4.87,3.14,2.18,2.27,2.32,1.03,0.1
FPL23,U17,DEF,15.7,Autumn,4,90.9,11037.2,440.6,121.2,104.2,99.3,8.47,7.1,19.4,False,,,,,,,,,,,,,,
FPL23,U17,DEF,15.7,Autumn,5,71.0,13561.2,469.1,95.8,106.8,102.1,5.4,9.1,18.7,True,0.16,0.67,2.11,0.72,0.38,2.39,2.19,5.63,2.69,3.12,2.25,2.21,1.16,0.0
FPL23,U17,DEF,15.7,Autumn,6,77.1,9025.9,417.6,103.6,123.9,121.2,9.08,5.4,19.4,True,0.12,0.11,1.48,0.22,0.11,2.62,1.23,3.82,3.98,5.0,1.71,1.59,0.99,0.0
FPL23,U17,DEF,15.7,Spring,7,54.0,13181.3,601.7,143.6,101.2,126.7,5.21,6.7,18.1,True,0.0,0.0,2.07,0.75,0.12,2.73,1.28,5.1,3.67,2.76,2.39,1.91,1.21,0.76
FPL23,U17,DEF,15.7,Spring,8,64.7,12429.8,686.4,121.1,105.4,108.6,6.75,6.8,18.9,True,0.0,0.0,1.88,0.39,0.29,3.44,1.52,5.31,3.17,3.16,2.6,1.33,0.0,0.57
FPL23,U17,DEF,15.7,Spring,9,68.3,11704.9,664.9,147.4,107.3,101.7,7.61,5.6,22.3,True,0.2,0.0,2.3,0.29,0.14,2.05,0.66,5.74,4.41,3.69,2.0,2.91,1.26,0.05
FPL23,U17,DEF,15.7,Spring,10,60.8,9699.8,644.7,134.4,107.9,141.0,8.43,7.9,18.8,True,0.17,0.0,2.34,0.77,0.28,2.24,1.61,7.03,3.43,3.37,1.19,1.53,0.66,0.5
FPL23,U17,DEF,15.7,Spring,11,36.9,10184.5,504.8,119.9,110.2,113.6,4.1,3.8,16.3,False,,,,,,,,,,,,,,
FPL23,U17,DEF,15.7,Spring,12,77.9,11417.1,562.0,119.2,121.2,116.8,8.3,5.7,21.7,True,0.1,0.05,1.47,0.61,0.3,0.86,1.51,5.5,4.74,3.79,2.28,1.9,0.84,0.47
FPL24,U17,ATT,17.2,Autumn,1,77.8,10703.9,1150.0,231.1,135.9,149.3,15.02,10.2,1.5,False,,,,,,,,,,,,,,
FPL24,U17,ATT,17.2,Autumn,2,39.3,9552.8,1150.0,228.8,123.2,130.4,8.23,10.5,10.5,False,,,,,,,,,,,,,,
FPL24,U17,ATT,17.2,Autumn,3,88.2,9508.4,899.2,220.5,139.2,122.0,16.26,8.8,5.0,False,,,,,,,,,,,,,,
FPL24,U17,ATT,17.2,Autumn,4,82.0,9896.8,889.5,172.5,116.0,122.9,13.47,11.0,5.1,False,,,,,,,,,,,,,,
FPL24,U17,ATT,17.2,Autumn,5,88.8,10035.5,933.4,178.9,101.6,136.4,14.84,9.5,4.4,False,,,,,,,,,,,,,,
FPL24,U17,ATT,17.2,Autumn,6,38.3,10290.5,762.4,202.9,109.9,145.7,5.88,9.3,3.9,False,,,,,,,,,,,,,,
FPL24,U17,ATT,17.2,Autumn,7,85.2,8331.4,874.8,181.1,108.5,109.3,16.17,9.7,8.1,True,0.54,1.43,1.64,0.55,0.2,3.66,1.3,0.52,2.26,1.5,1.26,1.27,0.77,0.39
FPL24,U17,ATT,17.2,Autumn,8,78.4,12401.1,1102.9,229.1,150.8,132.4,12.73,10.2,8.2,False,,,,,,,,,,,,,,
FPL24,U17,ATT,17.2,Spring,9,42.7,10585.2,1150.0,260.8,130.9,125.1,8.29,11.4,3.3,True,0.35,2.52,1.94,0.54,0.41,3.13,2.1,0.56,0.34,1.79,1.01,0.22,1.27,0.78
FPL24,U17,ATT,17.2,Spring,10,65.9,8872.4,1150.0,231.8,135.4,109.9,14.78,9.3,2.7,False,,,,,,,,,,,,,,
FPL24,U17,ATT,17.2,Spring,11,62.6,9357.4,1025.3,220.6,130.8,169.3,13.09,12.1,4.1,False,,,,,,,,,,,,,,
FPL24,U17,ATT,17.2,Spring,12,93.3,11573.4,1150.0,232.6,115.2,93.8,15.45,11.0,6.9,True,0.35,2.77,1.9,0.64,0.16,3.39,1.64,1.73,2.27,0.2,0.91,1.54,1.69,0.4
FPL24,U17,ATT,17.2,Spring,13,77.5,8665.2,1026.1,290.0,133.8,131.4,17.81,8.5,8.4,True,0.2,1.25,1.58,0.55,0.26,2.96,1.67,2.53,1.98,1.18,1.37,0.92,1.05,0.83
FPL24,U17,ATT,17.2,Spring,14,62.0,10248.6,923.2,189.3,124.7,100.1,10.03,9.4,3.2,True,0.38,2.78,1.19,0.42,0.22,2.29,1.67,0.57,0.09,0.79,1.79,1.28,2.7,0.79
FPL24,U17,ATT,17.2,Spring,15,91.1,9192.9,1021.7,188.4,106.2,118.6,17.39,10.5,5.3,False,,,,,,,,,,,,,,
FPL24,U17,ATT,17.2,Spring,16,41.7,10283.0,781.8,200.3,107.9,102.5,6.1,10.8,6.5,True,0.53,1.58,2.69,0.99,0.06,2.96,1.12,1.39,1.34,0.95,1.55,0.76,1.21,0.43
FPL24,U17,ATT,17.2,Spring,17,83.0,8121.5,810.4,175.9,96.9,85.8,14.71,10.5,6.7,True,0.44,2.13,1.49,0.82,0.33,2.47,1.77,2.41,2.19,0.64,1.3,0.84,2.14,0.95
FPL24,U17,ATT,17.2,Spring,18,59.2,9153.6,670.8,183.8,105.4,120.7,9.04,9.8,5.3,True,0.42,2.19,1.5,0.77,0.08,2.36,1.72,2.23,1.35,0.0,0.2,1.87,1.33,0.52
FPL24,U17,ATT,17.2,Spring,19,91.8,9245.6,751.9,173.1,114.8,82.6,13.96,7.7,7.0,True,0.3,1.44,0.94,0.4,0.31,3.0,1.18,1.65,2.47,0.83,1.09,0.58,1.0,0.81
FPL24,U17,ATT,17.2,Spring,20,68.7,11396.2,817.0,156.5,123.1,97.7,9.01,8.1,7.0,True,0.26,1.71,1.81,0.52,0.16,2.89,0.77,2.89,1.85,0.4,1.03,0.95,1.83,0.33
FPL24,U17,ATT,17.2,Spring,21,64.2,11096.1,1084.9,264.8,112.4,109.4,11.14,8.5,7.0,True,0.35,1.51,1.81,0.25,0.13,3.47,1.3,2.7,1.53,1.72,1.13,0.12,1.27,0.81
FPL24,U17,ATT,17.2,Spring,22,32.5,9375.8,958.4,261.2,161.1,130.6,6.69,10.0,3.7,False,,,,,,,,,,,,,,
FPL25,U17,MID,17.1,Autumn,1,85.6,9253.9,837.7,162.0,167.5,154.0,15.95,10.2,18.3,False,,,,,,,,,,,,,,
FPL25,U17,MID,17.1,Autumn,2,35.1,12463.1,715.8,99.1,142.2,107.3,3.84,8.0,17.9,True,0.22,0.9,2.27,0.8,0.47,2.64,0.03,6.59,3.4,4.44,1.02,0.36,0.09,0.82
FPL25,U17,MID,17.1,Autumn,3,78.5,10890.6,603.6,90.3,103.5,113.2,8.45,10.1,13.7,True,0.26,0.61,2.58,0.72,0.43,3.5,1.72,4.56,3.74,3.83,0.04,0.84,1.32,0.77
FPL25,U17,MID,17.1,Autumn,4,92.1,12121.4,648.2,151.1,131.5,142.0,10.8,10.5,18.1,True,0.27,0.31,3.4,0.8,0.31,4.1,1.31,6.47,3.9,3.34,1.24,0.42,0.08,0.32
FPL25,U17,MID,17.1,Autumn,5,87.0,12336.2,754.5,149.6,113.8,120.9,10.21,9.1,14.6,False,,,,,,,,,,,,,,
FPL25,U17,MID,17.1,Autumn,6,59.6,12434.4,718.8,118.8,126.2,112.9,6.59,7.6,18.6,True,0.15,0.63,1.8,0.85,0.38,1.95,1.13,6.98,3.26,4.88,1.09,0.38,0.31,0.77
FPL25,U17,MID,17.1,Autumn,7,77.3,10409.1,858.9,200.7,125.1,135.6,12.49,8.3,14.0,False,,,,,,,,,,,,,,
FPL25,U17,MID,17.1,Autumn,8,93.1,13083.9,855.3,118.6,120.8,117.7,10.75,10.2,12.4,True,0.18,1.88,2.64,0.84,0.32,2.42,1.37,5.64,1.76,3.3,0.59,0.36,0.87,0.37
FPL25,U17,MID,17.1,Autumn,9,68.9,10047.0,697.8,135.5,98.4,104.4,8.97,9.1,12.5,False,,,,,,,,,,,,,,
FPL25,U17,MID,17.1,Autumn,10,78.5,10874.6,780.2,120.2,130.8,120.0,10.56,9.9,18.5,False,,,,,,,,,,,,,,
FPL25,U17,MID,17.1,Autumn,11,75.5,11530.5,689.4,143.8,117.6,119.3,9.03,10.8,17.3,True,0.41,1.2,3.05,0.96,0.4,1.88,1.45,5.58,3.94,4.98,0.63,0.76,1.66,0.44
FPL25,U17,MID,17.1,Autumn,12,26.3,8672.8,744.4,119.0,155.4,111.7,4.41,10.0,19.0,True,0.05,0.92,3.11,1.14,0.34,2.92,1.14,7.1,4.81,4.66,0.35,0.26,1.58,0.07
FPL26,U17,DEF,15.5,Autumn,1,68.5,10632.8,516.5,97.1,107.9,138.3,7.44,6.4,18.5,True,0.09,0.16,2.11,0.63,0.26,1.5,1.16,4.43,3.64,4.17,2.02,1.24,0.57,0.38
FPL26,U17,DEF,15.5,Autumn,2,72.5,9812.5,635.3,128.1,107.4,134.7,9.69,6.4,22.5,False,,,,,,,,,,,,,,
FPL26,U17,DEF,15.5,Autumn,3,82.3,10485.6,573.3,127.1,104.8,112.6,9.41,5.6,19.3,False,,,,,,,,,,,,,,
FPL26,U17,DEF,15.5,Autumn,4,66.1,12585.9,623.7,122.0,112.5,160.4,7.1,6.6,15.6,False,,,,,,,,,,,,,,
FPL26,U17,DEF,15.5,Autumn,5,82.1,13275.0,798.0,135.0,122.3,170.9,9.81,6.3,22.9,True,0.25,0.0,2.5,0.66,0.28,0.09,1.08,10.4,3.23,3.04,1.78,2.24,0.37,1.1
FPL26,U17,DEF,15.5,Autumn,6,31.9,10371.3,641.9,120.5,102.4,131.7,3.97,7.0,23.3,False,,,,,,,,,,,,,,
FPL26,U17,DEF,15.5,Autumn,7,73.6,13516.2,647.7,172.3,139.8,147.0,8.05,6.4,18.7,False,,,,,,,,,,,,,,
FPL26,U17,DEF,15.5,Autumn,8,60.4,11391.5,704.4,150.7,108.5,165.1,7.84,5.8,23.2,True,0.0,0.36,2.09,0.73,0.22,1.35,0.62,8.18,3.44,4.69,1.95,1.64,0.84,0.0
FPL26,U17,DEF,15.5,Autumn,9,53.1,8502.3,728.2,147.9,117.4,149.9,9.27,5.6,20.5,False,,,,,,,,,,,,,,
FPL26,U17,DEF,15.5,Autumn,10,87.6,11657.4,796.6,148.3,128.1,141.4,11.7,7.0,17.8,True,0.0,0.35,1.99,1.03,0.32,1.53,1.01,4.59,3.35,4.4,1.77,1.94,1.53,0.92
FPL26,U17,DEF,15.5,Autumn,11,90.1,11545.2,632.0,174.7,102.3,135.1,10.69,6.9,19.9,True,0.02,0.52,2.61,0.44,0.22,2.03,1.14,6.63,2.77,4.61,2.17,1.92,1.85,0.65
FPL26,U17,DEF,15.5,Autumn,12,82.2,13302.1,560.7,120.3,101.2,150.6,7.69,7.5,14.9,False,,,,,,,,,,,,,,
FPL26,U17,DEF,15.5,Autumn,13,64.9,9528.3,637.4,119.6,103.1,147.9,8.99,6.7,16.8,False,,,,,,,,,,,,,,
FPL26,U17,DEF,15.5,Autumn,14,77.3,10537.6,617.7,119.6,121.3,118.2,9.37,6.0,20.9,False,,,,,,,,,,,,,,
FPL26,U17,DEF,15.5,Autumn,15,77.5,9838.7,775.9,163.9,107.7,123.9,11.7,5.7,16.9,False,,,,,,,,,,,,,,
FPL26,U17,DEF,15.5,Autumn,16,22.9,11637.4,728.5,196.9,108.1,180.0,3.14,7.3,20.4,True,0.16,0.25,2.57,0.66,0.26,1.82,1.1,5.54,3.31,3.63,1.92,2.8,0.86,0.15
FPL26,U17,DEF,15.5,Autumn,17,87.9,13600.0,468.8,101.7,94.0,110.0,6.65,6.0,19.0,False,,,,,,,,,,,,,,
FPL26,U17,DEF,15.5,Spring,18,78.7,12043.6,488.5,103.7,107.9,116.8,7.14,5.9,18.9,False,,,,,,,,,,,,,,
FPL26,U17,DEF,15.5,Spring,19,24.4,10379.6,630.1,131.5,90.7,88.9,2.79,5.8,18.4,True,0.0,0.0,1.81,0.64,0.18,2.15,1.09,5.35,4.47,3.78,1.49,0.9,0.63,0.82
FPL26,U17,DEF,15.5,Spring,20,78.7,9784.1,517.4,120.2,98.8,127.6,9.25,5.6,18.9,True,0.0,0.0,2.5,0.8,0.32,0.48,0.56,4.78,4.6,4.14,1.34,1.65,1.07,0.74
FPL26,U17,DEF,15.5,Spring,21,24.4,12372.8,683.4,126.7,116.2,142.9,2.74,5.5,18.7,True,0.0,0.28,2.02,0.69,0.35,1.91,0.0,5.23,3.93,4.75,1.64,1.2,1.45,0.71
FPL26,U17,DEF,15.5,Spring,22,68.7,11330.4,576.3,133.7,114.8,136.9,7.76,6.3,18.6,True,0.01,0.0,2.11,0.84,0.26,1.33,1.19,7.38,3.44,2.82,1.18,1.75,0.0,1.15
FPL26,U17,DEF,15.5,Spring,23,39.3,12209.8,561.1,119.8,106.5,116.5,3.82,6.2,16.2,True,0.05,0.02,3.52,0.5,0.29,1.57,0.0,5.45,2.91,2.3,2.31,0.86,0.46,0.56
FPL26,U17,DEF,15.5,Spring,24,78.0,13365.1,585.8,133.7,86.1,124.7,7.05,6.7,18.8,True,0.0,0.32,2.87,0.29,0.26,1.69,1.36,5.02,3.91,3.11,2.76,0.91,0.54,0.6
FPL26,U17,DEF,15.5,Spring,25,34.3,11989.5,602.6,117.9,112.5,140.3,3.68,4.5,21.5,True,0.0,0.0,1.57,0.49,0.33,1.88,0.14,6.94,4.34,2.99,1.99,1.95,0.53,0.36
FPL26,U17,DEF,15.5,Spring,26,48.9,8809.1,544.7,122.5,138.5,114.7,6.85,6.6,18.3,True,0.0,0.0,2.35,0.48,0.37,2.68,0.9,5.8,2.81,4.63,1.39,1.19,0.16,0.64
FPL26,U17,DEF,15.5,Spring,27,41.9,8453.1,485.3,139.1,103.6,133.2,5.78,4.0,18.9,False,,,,,,,,,,,,,,
FPL26,U17,DEF,15.5,Spring,28,84.8,10836.5,546.7,120.6,90.2,168.4,9.74,7.2,22.2,False,,,,,,,,,,,,,,
FPL26,U17,DEF,15.5,Spring,29,30.4,10434.6,654.3,141.1,104.5,118.5,3.82,3.8,23.6,True,0.0,0.08,2.59,0.47,0.11,0.0,0.0,8.65,5.26,3.88,1.28,1.41,1.07,0.1
FPL26,U17,DEF,15.5,Spring,30,86.5,12346.3,607.8,121.1,92.1,173.9,9.26,5.8,20.4,True,0.01,0.52,1.72,0.88,0.23,1.41,0.47,6.16,4.9,2.99,0.96,2.47,0.51,0.54
FPL26,U17,DEF,15.5,Spring,31,66.8,10100.1,621.2,118.0,104.0,123.0,8.28,5.4,19.9,True,0.0,0.0,2.55,0.73,0.15,1.52,0.2,7.02,4.08,3.48,1.92,0.92,0.68,0.73
FPL26,U17,DEF,15.5,Spring,32,95.2,13600.0,691.4,229.2,123.2,136.8,10.88,6.5,21.6,True,0.0,0.1,1.8,0.83,0.2,2.16,1.29,6.15,4.19,4.04,2.31,1.34,0.63,0.25
FPL26,U17,DEF,15.5,Spring,33,87.4,10244.6,721.5,184.4,107.3,157.7,13.04,5.9,18.1,True,0.0,0.0,2.05,0.8,0.27,1.38,0.87,5.91,3.97,2.43,2.57,0.88,1.07,0.68
FPL27,U19,MID,18.7,Autumn,1,73.4,12068.5,552.1,112.1,106.0,152.1,7.52,9.1,9.1,False,,,,,,,,,,,,,,
FPL27,U19,MID,18.7,Autumn,2,81.4,13600.0,776.0,160.7,131.5,146.1,9.41,7.7,9.0,True,0.3,1.17,1.24,0.69,0.32,1.93,1.23,1.24,4.15,0.93,0.36,0.48,0.0,0.32
FPL27,U19,MID,18.7,Autumn,3,93.1,9698.2,778.8,152.6,132.5,132.6,14.77,10.5,5.9,True,0.44,2.08,2.24,0.79,0.32,2.64,1.09,1.99,1.79,1.51,0.2,0.01,0.28,0.54
FPL27,U19,MID,18.7,Autumn,4,75.4,11363.9,814.5,170.8,137.8,172.8,11.23,9.2,2.5,True,0.5,1.06,1.1,0.99,0.38,1.89,1.69,0.0,1.67,1.72,0.0,0.04,1.34,0.89
FPL27,U19,MID,18.7,Autumn,5,90.7,11388.2,654.9,113.6,121.4,130.5,10.58,7.4,7.0,True,0.6,1.47,0.79,0.6,0.35,0.87,0.96,2.44,1.7,2.98,0.0,0.22,1.2,0.66
FPL27,U19,MID,18.7,Autumn,6,86.0,11965.6,529.6,133.7,93.1,127.4,8.41,8.1,4.4,True,0.33,1.49,2.31,0.41,0.28,1.19,1.2,3.28,0.47,1.61,0.0,0.0,0.67,0.92
FPL27,U19,MID,18.7,Autumn,7,90.9,12127.9,725.7,145.2,119.3,165.4,11.34,9.2,9.2,True,0.28,0.73,2.02,0.27,0.39,2.99,2.55,2.42,2.84,1.49,0.61,0.9,0.8,0.5
FPL27,U19,MID,18.7,Autumn,8,67.8,12851.3,604.9,174.4,128.1,132.4,7.32,7.8,8.2,True,0.45,1.95,1.41,0.57,0.15,1.54,0.75,4.75,2.07,1.41,0.0,0.27,0.77,0.88
FPL27,U19,MID,18.7,Autumn,9,66.4,13600.0,625.4,140.4,119.5,136.0,6.57,8.3,7.7,True,0.33,1.52,1.74,0.53,0.16,1.6,1.76,2.45,1.81,2.04,0.0,0.4,0.04,0.21
FPL27,U19,MID,18.7,Autumn,10,85.2,11737.2,701.3,116.7,126.6,129.1,10.07,7.3,7.5,True,0.39,1.31,2.11,0.55,0.06,2.12,0.17,3.97,0.73,2.63,0.1,0.0,0.41,0.45
FPL27,U19,MID,18.7,Autumn,11,61.2,10180.9,567.1,124.9,129.2,142.8,7.8,9.0,4.3,False,,,,,,,,,,,,,,
FPL27,U19,MID,18.7,Autumn,12,92.4,11263.5,487.6,113.1,126.7,143.3,9.82,9.3,11.0,False,,,,,,,,,,,,,,
FPL27,U19,MID,18.7,Autumn,13,83.0,13354.1,599.3,148.0,114.2,149.6,8.38,9.8,9.2,True,0.55,1.7,2.36,0.0,0.26,2.37,2.12,4.96,1.66,1.93,0.18,0.34,0.79,0.5
FPL27,U19,MID,18.7,Autumn,14,66.4,13600.0,729.1,145.2,91.4,147.1,6.95,10.8,6.3,False,,,,,,,,,,,,,,
FPL27,U19,MID,18.7,Autumn,15,62.3,13154.5,496.4,111.9,106.8,91.9,5.03,9.0,7.4,True,0.4,1.58,1.98,0.45,0.27,1.78,1.69,3.59,2.22,1.2,0.0,0.01,0.9,0.0
FPL27,U19,MID,18.7,Autumn,16,25.9,13268.4,475.7,98.3,98.3,119.6,2.07,8.3,4.7,True,0.39,1.48,2.21,0.56,0.37,0.54,1.19,1.34,2.2,0.48,0.27,0.0,0.81,0.11
FPL27,U19,MID,18.7,Autumn,17,88.8,11013.7,516.5,125.2,155.4,133.7,10.34,10.2,5.3,True,0.31,2.1,2.69,0.65,0.03,2.59,1.55,2.65,1.11,1.63,0.19,0.0,0.93,0.41
FPL28,U19,DEF,18.6,Autumn,1,45.4,12601.5,502.5,140.4,118.5,138.5,4.42,7.3,17.6,False,,,,,,,,,,,,,,
FPL28,U19,DEF,18.6,Autumn,2,39.8,10267.0,481.5,117.7,127.6,149.5,4.7,5.0,20.3,True,0.0,0.23,1.62,0.3,0.14,3.09,0.43,8.14,2.9,3.7,1.82,1.74,1.39,0.37
FPL28,U19,DEF,18.6,Autumn,3,68.3,11496.6,650.0,141.1,110.5,146.7,8.18,5.3,18.4,True,0.0,0.38,1.15,0.39,0.08,2.75,1.16,6.31,4.23,3.19,1.62,1.55,2.13,0.57
FPL28,U19,DEF,18.6,Autumn,4,38.3,10903.6,568.3,95.3,126.1,137.7,4.35,5.6,18.3,False,,,,,,,,,,,,,,
FPL28,U19,DEF,18.6,Autumn,5,68.9,11663.1,751.9,155.4,148.7,138.5,9.21,4.0,20.5,True,0.09,0.0,1.14,0.26,0.13,1.47,0.95,5.58,3.67,3.24,2.35,2.47,1.38,0.02
FPL28,U19,DEF,18.6,Autumn,6,79.8,10793.0,811.1,165.9,105.6,131.2,11.34,5.7,19.5,False,,,,,,,,,,,,,,
FPL28,U19,DEF,18.6,Autumn,7,72.6,10633.1,605.1,184.7,125.0,136.9,9.6,5.0,17.3,False,,,,,,,,,,,,,,
FPL28,U19,DEF,18.6,Autumn,8,65.4,12241.0,878.8,171.6,109.8,149.7,8.85,7.0,21.5,True,0.09,0.48,2.13,0.27,0.04,1.96,2.28,5.58,4.82,4.01,2.59,2.03,1.98,0.84
FPL28,U19,DEF,18.6,Autumn,9,55.8,11011.3,708.7,158.1,137.7,180.0,8.01,5.8,23.0,True,0.01,0.38,1.95,0.4,0.17,3.65,0.06,5.97,3.98,4.94,2.65,2.02,0.51,0.92
FPL28,U19,DEF,18.6,Autumn,10,89.1,11861.0,788.7,149.9,136.8,116.7,11.42,5.1,15.9,True,0.0,0.21,0.93,0.49,0.08,0.68,2.36,7.21,2.4,1.64,2.28,1.46,2.09,0.48
FPL28,U19,DEF,18.6,Autumn,11,27.2,11853.7,834.7,120.8,120.6,144.8,3.54,5.5,19.8,True,0.0,0.33,0.77,0.64,0.25,2.9,0.87,3.48,4.32,4.14,2.11,2.64,0.95,0.74
FPL28,U19,DEF,18.6,Autumn,12,72.0,12256.3,669.0,147.3,145.4,176.0,9.01,6.0,22.1,True,0.0,0.17,1.16,0.54,0.15,1.59,2.39,5.69,3.93,5.33,2.25,1.97,1.53,0.45
FPL28,U19,DEF,18.6,Autumn,13,78.4,11507.3,824.6,150.4,144.3,177.8,11.54,8.0,20.9,True,0.09,0.84,1.85,0.58,0.12,3.4,1.59,6.68,3.39,3.36,2.07,2.54,1.15,0.22
FPL28,U19,DEF,18.6,Autumn,14,75.4,10086.8,835.9,136.2,127.7,163.1,12.12,6.8,19.1,False,,,,,,,,,,,,,,
FPL28,U19,DEF,18.6,Spring,15,96.0,8515.5,593.2,95.3,111.7,140.0,13.97,6.6,21.4,True,0.1,0.32,1.38,0.36,0.19,3.08,1.63,4.87,4.18,4.53,2.3,2.32,0.93,0.76
FPL28,U19,DEF,18.6,Spring,16,68.8,11122.0,641.0,94.3,110.6,138.2,7.91,4.4,20.3,False,,,,,,,,,,,,,,
FPL28,U19,DEF,18.6,Spring,17,71.6,10288.2,589.4,116.0,105.6,128.1,8.57,7.1,16.1,True,0.0,0.74,1.76,0.37,0.06,2.53,2.2,4.29,3.16,3.0,1.81,1.41,0.8,0.33
FPL28,U19,DEF,18.6,Spring,18,70.6,12674.9,528.9,102.4,160.0,124.2,6.96,5.2,18.0,True,0.16,0.18,1.13,0.23,0.17,2.48,1.14,3.88,3.05,4.11,1.31,2.87,0.93,0.14
FPL28,U19,DEF,18.6,Spring,19,79.8,10065.3,571.9,109.6,129.4,127.8,9.92,4.1,18.8,True,0.1,0.43,0.58,0.0,0.06,2.88,0.99,5.21,3.13,3.95,2.01,2.05,1.74,0.0
FPL28,U19,DEF,18.6,Spring,20,78.5,12365.6,579.8,102.2,115.7,130.5,7.78,3.3,21.2,True,0.0,0.0,1.34,0.0,0.15,2.12,0.44,6.7,3.15,4.71,1.99,2.37,1.36,0.74
FPL28,U19,DEF,18.6,Spring,21,28.9,13070.2,640.5,119.5,101.7,111.4,2.75,3.2,18.0,True,0.0,0.23,1.3,0.15,0.17,0.83,0.52,7.6,3.48,3.39,1.41,0.96,1.88,0.58
FPL28,U19,DEF,18.6,Spring,22,80.2,11895.5,689.1,130.0,121.5,158.2,9.73,4.9,18.7,True,0.06,0.22,1.1,0.48,0.12,3.55,0.02,5.78,5.01,1.63,2.31,1.36,1.49,0.31
FPL28,U19,DEF,18.6,Spring,23,53.0,10963.9,721.2,123.5,128.8,141.5,7.0,5.8,21.5,False,,,,,,,,,,,,,,
FPL28,U19,DEF,18.6,Spring,24,95.3,9092.8,826.1,190.1,116.3,146.9,17.16,7.1,21.3,True,0.33,0.28,1.27,0.47,0.1,3.6,1.29,5.49,4.86,4.1,1.84,2.17,1.04,0.8
FPL28,U19,DEF,18.6,Spring,25,95.4,11099.5,865.8,155.1,145.0,150.2,14.52,5.9,23.1,True,0.14,0.02,1.34,0.18,0.18,3.08,1.61,6.91,4.15,3.81,2.43,2.46,1.19,0.32
FPL28,U19,DEF,18.6,Spring,26,68.3,11132.0,672.2,189.6,131.5,163.5,9.49,6.4,17.7,True,0.16,0.08,1.5,0.24,0.15,3.08,1.78,7.4,1.75,3.03,1.46,2.42,1.3,0.19
FPL28,U19,DEF,18.6,Spring,27,91.0,12309.7,788.9,189.2,172.6,167.4,12.96,5.9,18.2,True,0.0,0.85,0.55,0.57,0.35,3.85,0.31,6.19,4.14,1.93,2.41,1.6,1.74,0.62
FPL28,U19,DEF,18.6,Spring,28,92.7,13600.0,768.3,154.4,127.2,137.7,10.43,4.8,17.5,False,,,,,,,,,,,,,,
FPL29,U19,DEF,17.7,Autumn,1,46.9,9002.2,700.5,94.7,110.5,102.2,6.61,3.6,22.2,False,,,,,,,,,,,,,,
FPL29,U19,DEF,17.7,Autumn,2,78.1,11247.7,697.4,129.6,123.1,101.6,9.32,4.0,22.4,False,,,,,,,,,,,,,,
FPL29,U19,DEF,17.7,Autumn,3,82.4,9102.5,656.9,107.0,135.5,116.2,11.96,3.0,22.8,False,,,,,,,,,,,,,,
FPL29,U19,DEF,17.7,Autumn,4,74.8,12410.2,599.2,145.1,103.7,92.9,7.3,4.5,21.0,True,0.05,0.51,0.87,0.15,0.02,1.65,1.64,4.91,3.55,6.6,1.3,2.02,1.31,0.48
FPL29,U19,DEF,17.7,Autumn,5,82.7,8951.2,588.0,127.4,132.5,124.8,11.95,5.6,22.0,False,,,,,,,,,,,,,,
FPL29,U19,DEF,17.7,Autumn,6,84.3,11648.3,582.2,128.4,135.8,112.1,9.19,3.9,22.1,False,,,,,,,,,,,,,,
FPL29,U19,DEF,17.7,Autumn,7,68.9,11986.2,684.2,125.7,135.8,134.9,8.13,3.3,22.7,True,0.02,0.35,0.44,0.01,0.0,2.11,1.11,6.73,4.48,4.75,1.94,1.42,0.94,0.17
FPL29,U19,DEF,17.7,Autumn,8,37.2,11851.1,493.9,129.6,122.4,124.6,3.71,4.3,24.5,True,0.1,0.72,0.0,0.0,0.0,2.57,1.74,6.69,5.19,5.51,1.83,1.7,1.35,0.17
FPL29,U19,DEF,17.7,Autumn,9,70.3,9938.4,540.4,90.5,122.7,102.2,7.96,4.0,21.4,True,0.0,0.05,0.0,0.15,0.0,4.17,1.12,7.49,3.67,4.84,1.82,1.12,1.08,0.56
FPL29,U19,DEF,17.7,Autumn,10,74.1,10851.1,738.6,140.6,125.3,152.5,10.27,4.1,25.8,True,0.0,0.59,0.0,0.0,0.0,2.88,1.74,7.97,4.67,5.51,2.38,1.81,1.47,0.31
FPL29,U19,DEF,17.7,Autumn,11,25.9,8334.7,607.6,126.6,104.2,117.4,3.85,3.3,26.1,False,,,,,,,,,,,,,,
FPL29,U19,DEF,17.7,Autumn,12,65.3,10734.4,516.7,132.0,157.1,88.2,7.33,5.2,19.9,False,,,,,,,,,,,,,,
FPL29,U19,DEF,17.7,Autumn,13,82.8,9929.5,624.9,130.8,111.8,128.3,10.85,4.6,22.2,True,0.0,0.46,0.7,0.16,0.28,1.85,1.42,6.28,3.81,3.95,2.42,2.2,0.46,0.47
FPL29,U19,DEF,17.7,Autumn,14,80.6,11560.8,658.5,108.9,129.7,114.8,9.14,4.4,23.8,False,,,,,,,,,,,,,,
FPL29,U19,DEF,17.7,Autumn,15,93.7,11866.6,572.2,136.6,118.3,132.6,10.1,2.9,23.2,False,,,,,,,,,,,,,,
FPL29,U19,DEF,17.7,Autumn,16,61.8,10405.3,590.6,110.8,116.8,134.5,7.48,3.4,26.5,True,0.04,0.32,0.0,0.0,0.1,2.31,1.33,7.48,5.4,6.18,2.08,1.64,1.21,0.49
FPL29,U19,DEF,17.7,Spring,17,94.4,11713.8,806.8,153.8,108.9,116.0,11.98,2.2,21.9,True,0.0,0.39,0.0,0.0,0.0,2.44,0.35,6.52,3.96,5.42,1.84,1.1,0.74,0.45
FPL29,U19,DEF,17.7,Spring,18,76.8,9735.3,703.3,148.8,126.6,134.7,11.42,4.1,23.0,True,0.24,0.48,0.0,0.49,0.0,1.9,0.78,6.72,5.01,4.82,2.03,2.29,1.82,1.28
FPL29,U19,DEF,17.7,Spring,19,77.4,10062.3,791.2,114.3,115.8,131.0,11.2,3.1,24.8,True,0.14,0.01,0.0,0.24,0.0,2.26,0.83,8.61,5.17,3.75,1.57,1.89,0.28,0.31
FPL29,U19,DEF,17.7,Spring,20,77.6,13116.7,666.6,141.0,143.6,110.4,8.2,6.6,19.6,True,0.16,0.0,1.21,0.21,0.05,4.23,1.85,6.1,5.9,3.8,0.31,1.13,0.5,0.84
FPL29,U19,DEF,17.7,Spring,21,87.8,11310.2,698.7,147.1,110.3,110.5,10.57,2.7,24.3,True,0.15,0.23,0.0,0.0,0.0,1.76,0.97,8.98,4.13,4.68,1.84,1.67,1.13,0.26
FPL29,U19,DEF,17.7,Spring,22,90.4,9970.8,727.6,128.4,117.2,94.7,12.18,3.8,22.9,True,0.14,0.0,0.0,0.17,0.04,3.03,1.2,6.07,5.58,4.59,1.58,1.24,0.42,0.3
FPL29,U19,DEF,17.7,Spring,23,88.2,8674.8,723.4,139.6,125.6,143.2,14.95,5.4,21.7,True,0.21,0.92,0.84,0.0,0.0,2.97,1.2,7.01,3.75,4.7,2.16,1.89,1.02,1.27
FPL29,U19,DEF,17.7,Spring,24,89.0,10495.5,687.8,180.5,153.2,158.5,13.42,2.9,26.2,True,0.08,0.01,0.0,0.0,0.0,2.4,1.17,8.77,5.49,5.06,1.89,1.57,0.39,1.06
FPL29,U19,DEF,17.7,Spring,25,73.6,10382.3,784.7,126.7,108.9,154.1,10.64,3.9,22.7,True,0.11,0.51,0.0,0.0,0.17,2.24,1.36,5.18,5.4,4.74,1.77,2.2,1.23,0.44
FPL29,U19,DEF,17.7,Spring,26,67.3,9868.3,830.1,135.3,127.2,139.5,10.69,3.7,26.5,True,0.0,0.02,0.0,0.26,0.0,2.51,1.66,8.76,4.68,5.99,1.45,2.44,1.23,0.52
FPL29,U19,DEF,17.7,Spring,27,33.7,9689.6,623.6,118.3,115.6,108.4,4.35,2.2,25.2,True,0.0,0.0,0.0,0.1,0.04,1.3,1.11,7.61,5.81,5.09,1.34,1.8,0.89,0.41
FPL29,U19,DEF,17.7,Spring,28,74.2,11117.8,641.1,106.3,92.8,112.6,8.09,2.9,22.9,True,0.0,0.46,0.05,0.16,0.0,1.91,0.92,8.83,3.35,4.46,1.69,1.56,0.78,0.11
FPL29,U19,DEF,17.7,Spring,29,80.9,13600.0,693.4,131.8,149.3,130.4,8.63,5.0,26.5,True,0.18,0.51,0.0,0.32,0.13,2.8,1.37,8.69,5.32,4.87,1.65,2.31,0.9,0.36
FPL30,U19,MID,17.4,Autumn,1,89.5,12024.1,761.4,113.6,148.0,109.5,10.77,9.4,17.7,True,0.28,1.26,1.73,0.64,0.29,3.52,1.55,7.75,4.49,2.89,1.12,0.15,1.22,0.8
FPL30,U19,MID,17.4,Autumn,2,83.1,13600.0,532.7,137.9,158.6,122.8,7.96,9.4,12.6,False,,,,,,,,,,,,,,
FPL30,U19,MID,17.4,Autumn,3,68.7,11490.3,723.9,100.0,137.8,114.2,8.24,7.9,13.8,True,0.0,0.26,2.13,0.46,0.47,4.0,1.27,5.2,3.81,2.3,0.3,0.84,1.26,0.06
FPL30,U19,MID,17.4,Autumn,4,77.1,13600.0,697.3,99.4,154.8,86.6,7.54,8.0,14.6,True,0.16,0.56,2.22,0.62,0.27,3.24,1.05,4.07,4.36,4.09,0.1,0.95,1.76,0.49
FPL30,U19,MID,17.4,Autumn,5,46.9,10844.9,601.6,106.3,123.3,105.7,5.27,8.7,13.1,False,,,,,,,,,,,,,,
FPL30,U19,MID,17.4,Autumn,6,78.6,11927.4,704.1,103.2,154.2,83.4,8.79,8.3,14.3,True,0.04,0.3,1.79,0.68,0.15,2.95,2.65,5.84,2.71,2.93,0.2,1.2,0.7,0.15
FPL30,U19,MID,17.4,Autumn,7,83.4,11080.2,598.4,104.4,164.1,105.1,9.73,9.4,13.3,False,,,,,,,,,,,,,,
FPL30,U19,MID,17.4,Autumn,8,24.3,10713.7,564.0,118.2,163.6,99.5,2.88,9.9,14.9,False,,,,,,,,,,,,,,
FPL30,U19,MID,17.4,Autumn,9,79.1,12039.8,613.3,87.3,155.8,108.1,8.36,8.9,13.9,True,0.22,1.22,2.3,0.49,0.31,2.08,1.85,4.4,3.31,2.96,1.23,0.78,1.1,0.75
FPL30,U19,MID,17.4,Spring,10,47.3,12829.8,790.8,128.3,168.5,96.1,5.58,10.6,14.2,True,0.16,0.62,2.41,0.64,0.35,3.55,2.96,4.12,4.32,2.8,0.0,1.01,0.18,0.47
FPL30,U19,MID,17.4,Spring,11,84.4,11232.5,843.2,147.4,140.9,94.8,11.53,8.6,14.8,True,0.14,0.41,2.09,0.47,0.28,4.11,1.67,5.34,3.33,2.87,0.67,1.02,1.29,0.0
FPL30,U19,MID,17.4,Spring,12,56.7,13128.7,715.1,109.9,156.4,85.0,5.88,9.4,9.5,True,0.21,0.62,3.0,0.31,0.24,4.06,1.64,5.06,1.47,3.08,0.19,0.16,1.65,0.54
FPL30,U19,MID,17.4,Spring,13,25.4,12283.5,671.8,112.9,137.9,104.2,2.74,7.8,15.1,True,0.0,0.72,1.97,0.67,0.13,3.17,1.58,5.21,4.3,2.92,0.33,0.91,0.99,0.57
FPL30,U19,MID,17.4,Spring,14,25.8,12051.5,613.1,117.7,139.2,85.5,2.65,7.1,12.8,True,0.12,0.0,1.85,0.06,0.39,2.52,2.52,5.46,2.42,3.49,0.32,0.0,0.31,0.47
FPL30,U19,MID,17.4,Spring,15,67.3,12040.7,554.1,113.3,141.9,89.5,6.63,9.6,14.5,False,,,,,,,,,,,,,,
FPL30,U19,MID,17.4,Spring,16,43.3,11816.3,1109.1,181.7,163.2,126.2,7.18,9.0,15.3,True,0.08,0.29,2.54,0.66,0.32,3.69,1.81,4.89,4.57,3.73,0.49,0.0,1.34,0.15
FPL30,U19,MID,17.4,Spring,17,58.5,11718.6,659.3,92.0,176.3,101.4,6.75,8.9,14.1,True,0.28,0.76,1.58,0.53,0.2,3.4,2.18,6.79,3.92,1.31,0.51,0.87,1.03,0.87
FPL31,U19,DEF,17.8,Autumn,1,79.7,10624.0,497.5,89.5,99.9,102.5,7.78,5.3,8.3,False,,,,,,,,,,,,,,
FPL31,U19,DEF,17.8,Autumn,2,74.7,10237.9,538.8,93.5,92.3,119.7,8.04,7.0,16.5,True,0.21,1.0,2.11,0.71,0.34,1.73,0.11,4.34,4.3,2.17,1.52,1.77,0.94,0.41
FPL31,U19,DEF,17.8,Autumn,3,94.0,11603.8,499.3,134.4,116.3,80.9,8.87,5.3,15.4,False,,,,,,,,,,,,,,
FPL31,U19,DEF,17.8,Autumn,4,77.9,11134.5,397.3,80.9,90.4,117.1,6.53,4.1,14.5,True,0.03,0.73,0.77,0.52,0.1,0.08,1.2,3.82,2.58,2.54,1.63,1.73,0.0,0.79
FPL31,U19,DEF,17.8,Autumn,5,69.1,9530.2,422.3,123.4,106.0,114.4,7.6,5.5,10.5,True,0.0,0.56,1.76,0.48,0.18,1.0,1.26,3.82,1.22,1.78,1.25,1.6,1.21,0.26
FPL31,U19,DEF,17.8,Autumn,6,41.4,12932.6,415.4,106.1,103.7,91.3,3.09,6.2,13.9,True,0.33,0.0,1.63,0.57,0.12,1.11,1.54,3.33,3.66,2.36,1.61,1.28,0.61,1.1
FPL31,U19,DEF,17.8,Autumn,7,68.0,10076.8,397.5,91.4,94.4,118.9,6.49,6.6,14.2,False,,,,,,,,,,,,,,
FPL31,U19,DEF,17.8,Autumn,8,86.5,10177.8,414.3,103.7,99.2,114.2,8.47,6.6,9.9,True,0.0,0.32,1.51,0.82,0.16,2.41,1.36,3.57,1.13,1.7,1.39,1.62,1.46,0.45
FPL31,U19,DEF,17.8,Autumn,9,89.0,11950.5,465.5,84.4,102.6,104.4,7.49,7.2,10.8,False,,,,,,,,,,,,,,
FPL31,U19,DEF,17.8,Autumn,10,95.6,10419.9,384.4,113.2,108.4,112.4,9.13,4.9,13.6,True,0.04,0.29,2.04,0.37,0.25,0.72,0.8,2.76,4.61,1.92,1.11,1.36,1.31,0.4
FPL31,U19,DEF,17.8,Autumn,11,71.5,10122.2,464.7,103.9,76.4,107.0,6.97,6.0,15.3,False,,,,,,,,,,,,,,
FPL31,U19,DEF,17.8,Autumn,12,83.0,10702.9,455.9,93.1,93.8,86.5,7.42,6.4,11.6,False,,,,,,,,,,,,,,
FPL31,U19,DEF,17.8,Autumn,13,95.9,9153.6,471.1,91.1,106.7,115.4,11.02,6.3,10.2,False,,,,,,,,,,,,,,
FPL31,U19,DEF,17.8,Autumn,14,77.1,11319.9,484.5,134.2,107.0,99.1,7.48,5.0,13.2,False,,,,,,,,,,,,,,
FPL31,U19,DEF,17.8,Spring,15,84.7,9478.5,479.1,94.8,99.0,94.6,9.01,7.1,14.0,True,0.15,1.4,0.8,0.81,0.32,0.87,1.63,4.98,1.62,2.19,1.41,2.48,0.67,0.83
FPL31,U19,DEF,17.8,Spring,16,88.8,13600.0,639.6,130.0,102.2,117.6,8.32,5.8,15.0,False,,,,,,,,,,,,,,
FPL31,U19,DEF,17.8,Spring,17,69.1,11371.9,811.7,144.3,105.9,110.6,8.88,5.7,13.2,True,0.05,0.58,1.75,0.19,0.28,0.93,1.69,2.5,3.57,1.48,1.73,2.15,1.52,0.41
FPL31,U19,DEF,17.8,Spring,18,76.9,12309.8,559.4,164.1,138.1,151.5,8.65,6.4,13.5,True,0.06,1.06,1.26,0.55,0.29,1.88,1.06,4.37,2.24,3.44,1.52,1.12,1.13,1.09
FPL31,U19,DEF,17.8,Spring,19,81.6,10949.7,649.7,166.7,126.2,133.1,10.57,7.8,11.3,False,,,,,,,,,,,,,,
FPL31,U19,DEF,17.8,Spring,20,34.1,10207.2,589.9,122.9,109.0,109.6,4.05,7.0,14.8,True,0.13,0.53,2.27,0.25,0.41,2.8,0.78,2.74,2.4,3.22,1.81,2.5,1.61,0.0
FPL31,U19,DEF,17.8,Spring,21,91.9,12051.6,601.6,118.2,127.3,135.2,9.94,5.2,12.8,True,0.15,0.68,1.86,0.45,0.13,0.84,0.54,3.24,3.05,1.91,1.56,1.23,0.92,0.4
FPL31,U19,DEF,17.8,Spring,22,77.8,11489.9,436.8,127.3,132.2,123.3,7.72,4.5,13.8,False,,,,,,,,,,,,,,
FPL31,U19,DEF,17.8,Spring,23,52.3,10828.0,622.0,138.2,128.2,121.1,6.41,5.4,16.2,True,0.0,1.06,1.05,0.8,0.23,0.23,1.08,3.36,4.76,2.66,1.55,1.63,1.75,0.2
FPL31,U19,DEF,17.8,Spring,24,66.8,11167.0,510.0,127.4,110.8,105.6,6.78,7.0,15.1,True,0.07,0.67,1.61,0.87,0.31,1.96,0.93,3.29,2.7,2.82,2.02,2.08,0.88,0.55
FPL31,U19,DEF,17.8,Spring,25,75.6,11576.4,446.4,88.5,114.6,159.4,7.37,7.6,11.9,True,0.15,0.55,2.13,0.55,0.16,2.81,1.33,3.71,1.49,2.96,1.92,0.88,1.12,0.74
FPL31,U19,DEF,17.8,Spring,26,68.0,10778.0,489.1,129.5,128.0,149.1,7.8,5.3,11.7,True,0.11,0.4,1.18,0.55,0.14,1.26,1.26,2.44,2.54,2.99,1.44,1.24,2.19,0.06
FPL31,U19,DEF,17.8,Spring,27,32.6,10538.2,548.1,93.4,104.8,109.7,3.46,5.4,12.5,True,0.2,0.68,1.62,0.58,0.27,1.22,0.09,3.65,2.37,2.78,1.34,1.16,1.23,0.48
FPL31,U19,DEF,17.8,Spring,28,69.0,10994.7,400.9,98.8,110.4,116.4,6.29,6.0,12.4,True,0.09,1.21,1.81,0.42,0.19,1.37,0.69,4.98,1.23,2.62,1.17,1.09,0.83,0.09
FPL31,U19,DEF,17.8,Spring,29,77.9,12713.7,465.7,121.0,102.9,119.8,6.69,6.2,7.9,True,0.0,0.23,1.86,0.82,0.08,1.88,1.2,3.03,0.0,2.24,0.93,1.29,1.17,0.01
FPL31,U19,DEF,17.8,Spring,30,95.8,9351.4,647.1,105.7,102.0,121.8,12.84,5.2,16.2,False,,,,,,,,,,,,,,
FPL32,U19,MID,18.7,Autumn,1,71.6,13600.0,599.7,134.4,131.5,109.2,6.75,7.9,5.8,True,0.15,0.16,3.15,0.62,0.36,1.26,1.38,4.13,0.2,1.16,0.0,0.87,0.76,0.56
FPL32,U19,MID,18.7,Autumn,2,94.3,12013.8,754.8,145.8,110.8,106.3,11.05,8.4,7.6,False,,,,,,,,,,,,,,
FPL32,U19,MID,18.7,Autumn,3,79.6,12575.6,750.3,145.0,124.8,109.3,9.09,6.8,9.0,False,,,,,,,,,,,,,,
FPL32,U19,MID,18.7,Autumn,4,20.5,13600.0,618.7,135.3,165.5,154.0,2.2,10.7,11.8,True,0.17,1.32,3.04,1.08,0.3,2.04,1.83,1.8,4.5,2.04,1.29,0.15,1.11,0.1
FPL32,U19,MID,18.7,Autumn,5,68.9,13600.0,669.6,163.8,127.9,106.1,7.01,7.9,6.3,True,0.06,0.62,3.12,0.55,0.33,1.43,1.36,2.82,1.25,2.15,0.0,0.24,0.53,0.7
FPL32,U19,MID,18.7,Autumn,6,74.8,13305.1,720.1,126.7,176.0,105.9,8.28,8.1,13.2,False,,,,,,,,,,,,,,
FPL32,U19,MID,18.7,Autumn,7,64.6,12519.8,639.2,151.9,140.2,111.0,7.07,6.6,7.9,True,0.15,0.07,3.02,0.79,0.38,0.74,0.35,3.65,2.85,1.15,0.07,0.0,0.93,0.45
FPL32,U19,MID,18.7,Autumn,8,75.3,13600.0,717.7,170.1,125.3,125.4,8.17,5.4,11.6,False,,,,,,,,,,,,,,
FPL32,U19,MID,18.7,Autumn,9,66.9,11539.3,678.8,122.2,113.1,113.1,7.62,5.9,7.9,True,0.08,0.0,2.38,1.07,0.42,0.49,0.0,2.89,2.1,2.96,0.31,0.32,1.79,0.95
FPL32,U19,MID,18.7,Autumn,10,54.7,13600.0,713.4,138.9,108.1,117.5,5.53,6.9,9.7,False,,,,,,,,,,,,,,
FPL32,U19,MID,18.7,Autumn,11,70.8,13600.0,714.5,125.8,138.0,103.2,7.21,7.3,7.6,True,0.22,0.1,2.6,0.97,0.41,1.14,0.46,2.54,2.28,1.87,0.31,0.61,1.78,0.27
FPL32,U19,MID,18.7,Autumn,12,66.9,13600.0,807.3,139.4,139.6,104.6,7.4,6.7,9.1,False,,,,,,,,,,,,,,
FPL32,U19,MID,18.7,Spring,13,85.7,13452.1,822.6,144.8,117.1,107.1,9.48,8.4,8.2,True,0.15,0.0,3.9,0.85,0.37,1.6,0.66,3.52,1.43,3.13,0.04,0.08,1.24,0.19
FPL32,U19,MID,18.7,Spring,14,76.4,13504.7,941.0,138.8,142.7,135.2,9.65,7.2,7.0,False,,,,,,,,,,,,,,
FPL32,U19,MID,18.7,Spring,15,52.4,13600.0,779.6,124.1,157.7,121.8,5.87,6.7,7.3,True,0.09,0.2,2.6,0.73,0.09,1.47,1.1,2.72,0.69,3.67,0.0,0.8,1.5,0.61
FPL32,U19,MID,18.7,Spring,16,58.7,13600.0,836.2,145.3,170.6,92.0,6.81,8.3,8.5,True,0.08,0.43,3.08,1.09,0.25,0.72,1.39,4.02,0.7,2.69,0.09,1.4,1.7,0.27
FPL32,U19,MID,18.7,Spring,17,79.9,13600.0,800.8,169.3,118.2,113.0,8.91,7.5,9.2,False,,,,,,,,,,,,,,
FPL32,U19,MID,18.7,Spring,18,58.7,13166.3,885.7,144.0,118.6,103.0,6.89,6.2,7.4,True,0.0,0.31,3.07,0.67,0.31,0.0,0.81,3.2,0.55,1.99,0.71,0.74,0.74,0.48
FPL32,U19,MID,18.7,Spring,19,91.1,10801.2,845.9,144.5,123.5,101.3,12.76,6.3,7.2,True,0.12,0.74,2.1,0.83,0.3,0.0,0.82,4.62,1.25,1.28,0.45,0.11,1.89,0.0
FPL33,U19,DEF,17.8,Autumn,1,35.0,10592.8,693.3,128.1,137.1,163.6,4.91,6.4,19.0,True,0.0,0.0,2.65,0.55,0.17,1.97,1.09,5.9,2.51,4.07,1.64,1.8,0.1,0.16
FPL33,U19,DEF,17.8,Autumn,2,88.9,13012.3,751.8,144.9,121.4,133.5,10.11,6.9,16.0,True,0.01,0.36,2.2,0.83,0.29,1.37,1.23,4.89,3.82,2.3,1.6,0.74,0.21,0.36
FPL33,U19,DEF,17.8,Autumn,3,85.4,11169.9,616.7,149.0,112.0,170.8,10.74,7.3,17.5,True,0.21,1.12,1.67,0.51,0.38,2.34,0.75,5.86,1.2,4.24,2.92,1.45,1.52,0.49
FPL33,U19,DEF,17.8,Autumn,4,68.3,10656.6,719.6,145.8,149.1,176.8,10.2,6.4,18.6,False,,,,,,,,,,,,,,
FPL33,U19,DEF,17.8,Autumn,5,71.7,12188.1,604.6,169.4,111.0,178.0,8.45,5.9,17.0,True,0.0,0.0,2.09,0.39,0.27,2.8,0.78,6.17,3.63,2.71,1.26,1.03,1.06,0.0
FPL33,U19,DEF,17.8,Autumn,6,65.9,8348.0,735.7,144.9,110.9,157.8,11.77,7.3,15.3,True,0.0,0.0,2.47,0.61,0.25,3.27,1.16,6.15,1.49,4.08,1.04,1.58,0.93,0.78
FPL33,U19,DEF,17.8,Autumn,7,68.6,12346.4,625.2,132.9,116.9,165.7,7.72,7.7,15.0,False,,,,,,,,,,,,,,
FPL33,U19,DEF,17.8,Autumn,8,26.3,9904.7,727.9,98.2,127.0,160.2,3.85,6.0,16.6,False,,,,,,,,,,,,,,
FPL33,U19,DEF,17.8,Autumn,9,63.8,13131.0,586.0,166.5,129.7,149.7,6.78,6.0,19.5,False,,,,,,,,,,,,,,
FPL33,U19,DEF,17.8,Autumn,10,50.8,10954.1,784.4,127.2,106.8,143.7,6.85,7.0,17.4,False,,,,,,,,,,,,,,
FPL33,U19,DEF,17.8,Autumn,11,38.7,9441.3,604.5,114.8,86.0,133.2,4.98,6.4,14.5,False,,,,,,,,,,,,,,
FPL33,U19,DEF,17.8,Autumn,12,70.8,10184.3,578.6,133.0,128.7,135.9,9.09,5.7,12.5,False,,,,,,,,,,,,,,
FPL33,U19,DEF,17.8,Spring,13,20.4,10887.8,641.1,122.5,105.0,146.8,2.49,5.5,16.5,True,0.0,0.5,2.72,0.25,0.31,1.11,0.54,5.41,3.09,1.92,1.75,1.68,0.0,0.58
FPL33,U19,DEF,17.8,Spring,14,66.0,9770.5,501.9,139.6,110.1,141.1,8.19,6.4,15.6,True,0.0,0.41,1.96,0.47,0.26,1.61,1.6,2.83,5.31,1.99,1.47,1.61,1.17,0.53
FPL33,U19,DEF,17.8,Spring,15,80.8,12645.5,665.5,100.5,87.2,103.2,7.65,6.1,17.7,True,0.09,0.55,2.53,0.04,0.19,2.46,0.78,5.65,4.85,2.11,1.0,1.37,0.57,0.26
FPL33,U19,DEF,17.8,Spring,16,30.9,10124.2,463.6,117.7,98.6,107.9,3.22,5.2,16.0,True,0.0,0.12,1.8,0.65,0.17,1.56,0.71,5.9,4.32,2.59,1.27,0.37,1.58,0.35
FPL33,U19,DEF,17.8,Spring,17,55.7,8619.7,608.8,99.1,97.3,100.3,7.44,7.3,14.9,True,0.12,0.13,1.66,0.83,0.22,2.92,1.31,4.9,1.89,4.32,1.79,1.04,1.6,0.74
FPL33,U19,DEF,17.8,Spring,18,74.4,12327.9,519.3,106.8,101.7,153.4,7.18,4.9,19.5,True,0.0,0.0,1.74,0.23,0.47,1.38,0.89,4.99,3.68,3.9,2.03,1.87,1.29,0.02
FPL33,U19,DEF,17.8,Spring,19,77.8,10650.1,564.4,125.5,106.7,115.2,8.74,7.0,15.5,True,0.25,0.0,2.01,0.71,0.13,1.6,1.58,4.89,3.08,2.97,1.45,1.67,1.53,0.56
FPL33,U19,DEF,17.8,Spring,20,77.7,10973.5,469.7,127.3,112.6,127.3,8.08,6.7,15.0,False,,,,,,,,,,,,,,
FPL33,U19,DEF,17.8,Spring,21,53.2,12483.0,569.4,120.5,94.6,106.6,4.91,7.1,16.8,True,0.06,0.0,2.1,0.26,0.3,4.01,1.25,5.98,2.11,3.82,2.28,0.96,1.05,0.81
FPL33,U19,DEF,17.8,Spring,22,70.4,12423.9,703.9,125.3,90.0,149.8,7.77,7.3,18.3,True,0.08,0.0,3.08,0.6,0.34,2.41,0.66,5.69,3.89,3.75,1.56,1.0,0.97,0.33
FPL33,U19,DEF,17.8,Spring,23,74.2,13392.8,489.9,126.8,107.2,144.6,6.56,6.8,19.2,True,0.08,0.51,2.34,0.27,0.32,2.44,1.06,3.88,4.7,4.47,2.4,0.76,0.58,0.98
FPL33,U19,DEF,17.8,Spring,24,95.7,12549.5,722.6,141.0,131.9,152.4,11.46,4.4,22.4,True,0.0,0.0,2.34,0.39,0.18,0.77,0.49,5.6,5.98,3.95,1.76,1.19,0.78,0.0
FPL33,U19,DEF,17.8,Spring,25,73.3,10429.2,768.5,199.8,146.4,128.1,11.36,5.0,16.2,True,0.14,0.0,2.11,0.54,0.25,1.11,0.22,5.63,3.01,4.67,0.55,1.01,1.1,0.53
FPL33,U19,DEF,17.8,Spring,26,89.9,10186.8,567.9,110.6,108.2,126.3,10.61,5.0,16.0,True,0.0,0.0,2.36,0.46,0.24,1.92,0.07,6.02,2.69,2.77,1.22,1.7,0.95,0.49
FPL33,U19,DEF,17.8,Spring,27,66.1,10184.3,531.5,131.9,132.0,147.5,8.36,5.6,14.4,True,0.16,0.64,1.65,0.66,0.09,2.05,0.12,3.95,2.98,2.39,1.45,1.51,0.92,0.19
FPL34,U19,ATT,18.0,Autumn,1,27.0,12074.4,899.7,192.0,100.5,103.1,3.57,9.9,8.3,False,,,,,,,,,,,,,,
FPL34,U19,ATT,18.0,Autumn,2,75.4,10481.4,809.2,172.9,137.7,98.7,11.09,11.0,8.8,False,,,,,,,,,,,,,,
FPL34,U19,ATT,18.0,Autumn,3,83.9,10611.9,790.8,188.4,128.0,100.9,12.1,10.9,6.2,False,,,,,,,,,,,,,,
FPL34,U19,ATT,18.0,Autumn,4,82.0,11210.0,810.2,170.3,112.5,117.4,11.16,12.3,7.1,True,0.62,2.96,2.49,0.16,0.23,4.41,1.6,1.74,1.55,3.2,0.57,0.39,1.46,0.9
FPL34,U19,ATT,18.0,Autumn,5,90.9,10074.3,741.7,211.5,155.9,131.9,14.75,11.3,4.7,True,0.52,2.65,1.24,0.58,0.16,4.15,1.91,4.05,0.38,1.79,0.26,0.0,1.68,1.09
FPL34,U19,ATT,18.0,Autumn,6,80.2,10827.6,783.5,198.3,104.6,114.3,11.25,9.9,9.1,False,,,,,,,,,,,,,,
FPL34,U19,ATT,18.0,Autumn,7,58.2,9475.8,786.2,206.5,123.1,121.5,9.73,11.7,3.3,False,,,,,,,,,,,,,,
FPL34,U19,ATT,18.0,Autumn,8,45.4,8456.3,617.4,135.7,125.2,117.7,7.01,11.8,9.0,False,,,,,,,,,,,,,,
FPL34,U19,ATT,18.0,Autumn,9,44.7,8467.3,826.2,165.6,126.8,95.8,8.03,10.1,4.8,True,0.59,2.34,2.07,0.22,0.13,2.79,1.52,1.57,1.61,1.01,0.56,0.0,0.77,0.47
FPL34,U19,ATT,18.0,Autumn,10,32.8,9693.4,857.7,172.6,127.9,131.2,5.53,11.7,10.3,True,0.73,1.91,1.7,0.55,0.18,3.02,2.58,5.4,2.21,1.65,0.0,1.48,1.73,0.73
FPL34,U19,ATT,18.0,Autumn,11,87.3,8337.8,837.9,173.3,122.8,117.4,16.52,11.3,10.1,True,0.45,2.08,1.83,0.63,0.32,2.75,2.54,3.87,2.89,1.71,0.41,0.91,0.92,0.92
FPL34,U19,ATT,18.0,Autumn,12,78.0,9053.5,805.9,159.9,136.4,95.7,13.01,11.4,9.5,False,,,,,,,,,,,,,,
FPL34,U19,ATT,18.0,Autumn,13,74.9,10209.6,839.2,165.0,125.1,140.0,11.87,9.0,4.6,False,,,,,,,,,,,,,,
FPL34,U19,ATT,18.0,Autumn,14,75.4,8445.9,736.5,163.0,119.6,112.6,12.9,10.7,7.5,False,,,,,,,,,,,,,,
FPL34,U19,ATT,18.0,Spring,15,87.4,8316.7,747.2,166.8,132.6,113.9,15.66,9.2,7.5,True,0.49,2.23,0.89,0.59,0.09,3.24,1.32,3.07,2.96,1.45,0.0,0.12,1.12,0.75
FPL34,U19,ATT,18.0,Spring,16,21.9,10393.0,671.9,170.0,109.6,132.4,2.98,10.6,6.3,True,0.49,2.44,2.24,0.46,0.3,2.74,1.29,4.13,0.94,2.28,0.25,0.0,1.81,0.81
FPL34,U19,ATT,18.0,Spring,17,70.8,9557.3,635.0,182.4,96.3,90.5,9.5,11.1,7.9,True,0.35,2.83,1.24,0.68,0.3,2.83,2.35,4.42,1.09,1.26,1.22,0.53,1.44,1.03
FPL34,U19,ATT,18.0,Spring,18,92.6,9013.1,883.4,191.3,122.1,126.1,17.12,11.1,8.3,False,,,,,,,,,,,,,,
FPL34,U19,ATT,18.0,Spring,19,28.9,11194.0,822.7,170.0,155.8,95.4,4.08,12.4,9.8,True,0.64,2.98,1.69,0.67,0.16,3.24,2.27,4.34,1.85,2.03,0.24,0.95,0.92,0.47
FPL34,U19,ATT,18.0,Spring,20,87.3,8846.7,871.1,164.3,123.4,99.5,15.42,11.4,9.0,True,0.56,3.34,1.37,0.48,0.22,2.64,1.97,3.58,2.04,2.96,0.0,1.14,2.02,0.88
FPL34,U19,ATT,18.0,Spring,21,73.1,10096.3,922.1,212.4,121.5,118.4,12.45,9.9,4.5,True,0.56,2.08,1.34,0.5,0.29,4.35,0.58,2.67,0.9,0.99,0.3,0.41,1.22,0.65
FPL34,U19,ATT,18.0,Spring,22,71.7,9629.2,871.2,195.3,126.0,126.9,12.43,11.1,10.0,False,,,,,,,,,,,,,,
FPL34,U19,ATT,18.0,Spring,23,37.7,13563.4,1018.3,211.5,152.6,120.1,5.23,10.4,10.2,True,0.55,2.29,1.61,0.27,0.19,3.94,1.6,0.93,3.49,3.75,0.54,0.6,0.89,1.02
FPL34,U19,ATT,18.0,Spring,24,82.9,11525.5,818.5,290.0,121.4,119.7,12.49,11.4,9.8,True,0.57,2.17,2.26,0.46,0.19,4.22,1.39,1.9,2.81,3.67,0.87,0.0,1.51,0.61
FPL34,U19,ATT,18.0,Spring,25,55.0,9758.2,738.2,250.0,108.0,108.4,8.71,12.4,10.5,True,0.68,2.14,2.04,0.58,0.23,4.12,2.13,3.04,2.7,3.09,0.52,0.9,1.72,0.69
FPL34,U19,ATT,18.0,Spring,26,79.8,9058.8,783.3,174.7,103.7,95.9,12.73,10.7,8.9,True,0.48,2.42,2.2,0.59,0.06,3.47,1.28,4.87,0.4,2.76,0.44,0.44,0.58,0.66
FPL34,U19,ATT,18.0,Spring,27,69.4,11713.7,1150.0,234.8,136.0,135.7,12.12,11.5,4.7,False,,,,,,,,,,,,,,
FPL35,U19,DEF,17.5,Autumn,1,71.6,8291.7,368.1,96.3,99.5,95.8,7.8,5.5,18.7,True,0.32,1.19,1.13,0.43,0.08,1.47,0.31,5.67,3.56,3.58,1.77,1.71,1.67,0.0
FPL35,U19,DEF,17.5,Autumn,2,89.9,11549.8,457.4,97.4,104.4,97.8,7.85,7.0,19.7,True,0.26,1.05,1.34,0.3,0.29,1.93,1.43,6.4,2.58,5.92,1.74,0.23,0.49,0.08
FPL35,U19,DEF,17.5,Autumn,3,94.3,8759.7,450.4,128.0,114.7,119.2,11.95,7.0,16.4,False,,,,,,,,,,,,,,
FPL35,U19,DEF,17.5,Autumn,4,33.8,9918.1,465.1,110.0,115.9,115.8,3.72,6.9,17.6,False,,,,,,,,,,,,,,
FPL35,U19,DEF,17.5,Autumn,5,78.6,8576.1,422.9,119.0,114.9,129.4,10.0,7.6,18.9,True,0.27,1.44,1.01,0.71,0.09,2.58,1.19,5.41,4.2,3.37,1.75,1.37,1.12,0.12
FPL35,U19,DEF,17.5,Autumn,6,70.6,11365.6,480.7,109.8,131.2,107.7,6.98,4.1,20.8,False,,,,,,,,,,,,,,
FPL35,U19,DEF,17.5,Spring,7,82.7,9483.4,619.2,167.3,127.3,136.9,12.2,6.5,24.1,True,0.1,1.33,1.34,0.35,0.06,3.5,0.64,7.49,5.21,4.94,2.05,0.81,0.99,0.13
FPL35,U19,DEF,17.5,Spring,8,89.5,9556.2,506.2,123.8,130.3,114.7,11.06,5.8,16.4,True,0.35,1.22,0.66,0.26,0.07,1.83,1.16,5.97,2.88,2.67,1.47,1.61,0.93,0.49
FPL35,U19,DEF,17.5,Spring,9,90.3,9223.3,409.7,112.0,120.7,105.9,10.09,5.9,17.5,True,0.44,0.86,0.72,0.57,0.2,1.41,0.56,6.46,3.56,4.02,1.65,0.51,1.62,0.81
FPL35,U19,DEF,17.5,Spring,10,87.6,8881.5,616.0,145.9,118.5,131.9,13.17,7.3,21.7,True,0.21,1.47,1.45,0.53,0.17,1.34,1.55,5.97,3.94,5.35,1.78,1.24,0.56,0.18
FPL35,U19,DEF,17.5,Spring,11,66.4,8799.4,460.8,149.9,150.3,124.5,9.32,6.5,14.4,False,,,,,,,,,,,,,,
FPL35,U19,DEF,17.5,Spring,12,80.3,9045.3,467.6,110.9,154.5,116.2,10.44,6.8,20.2,False,,,,,,,,,,,,,,
FPL35,U19,DEF,17.5,Spring,13,77.6,12899.8,520.9,121.8,146.0,118.4,7.42,7.6,17.2,True,0.25,1.11,0.77,0.33,0.27,4.18,1.25,5.75,4.23,2.57,1.03,1.43,1.08,0.23
FPL35,U19,DEF,17.5,Spring,14,81.5,10366.4,542.8,186.3,105.0,132.7,10.21,8.7,24.1,True,0.29,1.64,1.5,0.27,0.18,3.74,1.51,8.61,5.09,4.62,1.69,1.15,1.15,0.46
FPL35,U19,DEF,17.5,Spring,15,75.6,9300.8,423.0,96.9,110.1,125.8,8.45,6.7,17.1,True,0.22,0.91,0.38,0.21,0.13,4.12,1.64,5.71,3.28,3.7,1.25,1.19,1.01,0.41
FPL35,U19,DEF,17.5,Spring,16,67.7,10071.8,330.6,115.7,119.5,104.8,6.4,5.5,19.4,True,0.04,1.3,1.63,0.25,0.09,2.12,0.53,5.89,3.66,4.46,0.83,1.92,0.75,0.23
FPL36,U19,DEF,18.4,Autumn,1,76.1,11346.2,617.1,96.1,107.0,109.7,8.01,7.5,19.5,True,0.31,0.74,3.0,0.45,0.2,1.78,0.49,7.35,3.93,3.91,0.85,0.96,0.42,0.32
FPL36,U19,DEF,18.4,Autumn,2,64.5,10845.6,568.6,115.2,102.9,131.0,7.19,7.7,12.3,True,0.13,1.01,2.0,0.4,0.2,2.42,1.68,5.77,3.06,1.59,0.05,0.53,0.0,0.47
FPL36,U19,DEF,18.4,Autumn,3,90.4,11621.1,695.5,145.3,125.1,148.9,11.37,5.0,20.3,True,0.14,0.1,1.46,0.25,0.23,2.85,0.34,5.93,4.69,4.28,1.07,0.88,0.04,0.11
FPL36,U19,DEF,18.4,Autumn,4,92.3,13600.0,467.1,157.8,125.7,139.4,8.37,7.3,14.2,False,,,,,,,,,,,,,,
FPL36,U19,DEF,18.4,Autumn,5,90.2,10438.5,699.7,124.0,124.3,130.3,12.06,6.8,19.6,False,,,,,,,,,,,,,,
FPL36,U19,DEF,18.4,Autumn,6,92.8,10017.9,744.6,135.4,122.9,144.7,13.73,7.2,19.9,True,0.15,0.94,2.27,0.3,0.16,3.42,0.52,6.57,3.41,5.12,1.33,1.18,0.58,0.78
FPL36,U19,DEF,18.4,Autumn,7,84.9,12209.8,889.3,157.4,115.0,146.8,11.47,6.0,17.0,True,0.0,0.0,2.11,0.59,0.22,2.38,0.85,4.92,2.41,3.7,1.92,1.25,0.11,0.32
FPL36,U19,DEF,18.4,Autumn,8,95.2,9456.7,534.7,147.0,123.8,149.0,13.09,8.2,18.8,True,0.2,0.5,2.16,0.25,0.33,3.63,1.61,3.68,4.83,4.02,1.22,1.7,0.59,0.12
FPL36,U19,DEF,18.4,Autumn,9,64.1,10910.8,424.3,114.7,112.4,102.2,6.02,7.7,16.1,False,,,,,,,,,,,,,,
FPL36,U19,DEF,18.4,Spring,10,64.5,10382.7,452.6,121.4,92.7,100.3,6.34,6.3,23.0,True,0.08,0.3,2.18,0.61,0.32,1.35,0.86,6.21,5.31,4.93,0.97,1.85,0.11,0.46
FPL36,U19,DEF,18.4,Spring,11,44.3,12474.8,584.4,85.1,94.3,110.9,3.99,6.0,20.2,False,,,,,,,,,,,,,,
FPL36,U19,DEF,18.4,Spring,12,94.6,8612.6,472.7,113.4,105.6,90.4,11.36,7.3,19.7,False,,,,,,,,,,,,,,
FPL36,U19,DEF,18.4,Spring,13,79.3,11220.3,531.7,99.9,110.4,95.6,7.73,5.5,16.6,False,,,,,,,,,,,,,,
FPL36,U19,DEF,18.4,Spring,14,70.3,12674.4,557.2,102.1,93.7,136.1,6.49,6.9,18.0,True,0.29,0.82,0.9,0.39,0.25,3.09,1.19,5.16,3.93,3.33,0.93,1.89,0.22,0.46
FPL36,U19,DEF,18.4,Spring,15,89.9,13376.8,570.3,87.9,132.6,91.8,7.74,7.1,18.7,True,0.13,0.21,1.86,0.51,0.22,3.69,0.98,5.63,3.42,4.63,1.27,0.99,0.73,0.02
FPL36,U19,DEF,18.4,Spring,16,85.3,10490.9,575.4,113.8,86.9,91.0,8.96,7.5,17.8,True,0.0,0.41,1.56,0.68,0.21,3.45,1.7,6.02,5.03,2.86,0.52,0.59,0.38,0.0
FPL36,U19,DEF,18.4,Spring,17,46.6,10683.1,506.0,86.3,82.4,113.8,4.48,7.3,22.8,False,,,,,,,,,,,,,,
FPL36,U19,DEF,18.4,Spring,18,66.0,9158.2,435.2,103.9,111.9,112.1,7.48,7.4,18.4,True,0.14,0.53,1.74,0.84,0.36,2.4,0.84,4.91,4.78,3.99,0.93,0.8,0.14,0.35
FPL36,U19,DEF,18.4,Spring,19,90.5,11386.4,577.0,92.9,105.1,89.4,8.79,6.7,18.3,True,0.05,0.0,1.99,0.37,0.27,3.08,1.44,5.86,3.85,3.55,0.93,1.53,0.81,0.0
FPL36,U19,DEF,18.4,Spring,20,88.1,10588.0,555.1,92.5,91.3,109.0,9.1,7.1,19.2,True,0.17,1.2,2.11,0.29,0.11,1.66,1.45,7.39,2.87,3.66,1.08,1.51,0.09,0.19
FPL36,U19,DEF,18.4,Spring,21,70.9,9979.2,587.3,93.5,102.2,94.4,7.96,6.9,16.6,True,0.16,0.53,1.73,0.71,0.18,1.38,1.59,5.06,3.42,3.48,0.92,1.25,0.7,0.0
FPL37,U19,DEF,19.0,Autumn,1,33.4,11191.4,644.8,97.8,96.2,117.1,3.64,3.9,13.3,True,0.21,0.52,0.47,0.55,0.13,1.44,0.08,3.28,3.75,3.75,0.45,0.79,0.95,0.7
FPL37,U19,DEF,19.0,Autumn,2,84.4,10893.7,628.6,114.3,72.1,124.3,9.24,5.4,18.0,True,0.13,0.87,1.19,0.39,0.1,2.12,0.68,5.91,4.49,2.75,1.06,0.92,0.45,0.01
FPL37,U19,DEF,19.0,Autumn,3,93.1,10180.7,504.4,122.3,130.9,148.9,11.41,5.5,19.9,True,0.11,0.73,0.63,0.26,0.27,2.92,0.95,4.84,4.88,4.53,1.35,0.64,0.0,0.2
FPL37,U19,DEF,19.0,Autumn,4,34.1,9059.6,610.4,107.3,83.8,92.6,4.23,4.4,14.3,True,0.18,0.71,0.93,0.25,0.07,2.34,0.16,5.0,2.73,4.11,0.61,0.26,1.01,0.0
FPL37,U19,DEF,19.0,Autumn,5,96.0,9675.7,549.7,93.2,112.0,91.6,10.88,4.4,13.2,True,0.18,0.49,1.05,0.17,0.06,1.62,0.87,3.16,3.09,4.22,0.1,0.67,0.52,0.0
FPL37,U19,DEF,19.0,Autumn,6,33.7,12244.8,724.2,147.2,115.7,129.0,3.95,4.8,18.6,False,,,,,,,,,,,,,,
FPL37,U19,DEF,19.0,Autumn,7,67.6,11907.7,686.9,129.6,98.3,135.6,7.65,4.8,20.2,True,0.25,0.98,0.56,0.27,0.32,0.13,1.27,7.24,5.13,3.38,0.84,1.67,1.28,0.8
FPL37,U19,DEF,19.0,Autumn,8,32.2,11290.0,786.1,148.1,112.1,114.2,4.16,6.6,20.1,True,0.15,0.81,2.42,0.0,0.22,2.55,0.96,7.96,4.96,4.54,0.42,1.17,2.43,0.47
FPL37,U19,DEF,19.0,Autumn,9,76.1,10031.3,745.6,123.2,135.5,137.2,11.2,5.6,15.0,True,0.24,0.67,1.34,0.14,0.11,1.46,1.49,6.63,2.13,5.13,0.07,0.63,1.19,0.72
FPL37,U19,DEF,19.0,Autumn,10,73.6,8830.7,607.5,92.8,103.9,94.5,9.53,4.4,14.5,True,0.2,0.0,1.07,0.21,0.0,3.01,0.47,5.1,4.07,3.63,0.29,0.17,1.33,0.27
FPL37,U19,DEF,19.0,Spring,11,65.8,9262.3,577.9,105.8,110.0,129.8,8.64,4.8,12.2,True,0.04,0.0,0.85,0.31,0.15,2.4,1.5,4.97,2.33,2.17,0.48,0.94,0.58,0.19
FPL37,U19,DEF,19.0,Spring,12,53.8,10618.3,618.3,118.7,108.9,143.7,6.6,5.4,13.6,True,0.24,0.61,0.99,0.56,0.1,1.87,0.62,6.45,1.83,4.48,0.18,0.43,0.95,0.87
FPL37,U19,DEF,19.0,Spring,13,74.2,10424.5,614.3,121.0,90.6,108.4,8.49,6.3,16.3,True,0.1,0.06,1.3,0.73,0.25,2.69,1.08,5.11,3.86,3.55,0.64,0.69,0.44,0.0
FPL37,U19,DEF,19.0,Spring,14,84.2,11429.8,791.3,120.7,100.6,105.3,10.2,5.0,17.8,False,,,,,,,,,,,,,,
FPL37,U19,DEF,19.0,Spring,15,90.2,10612.1,669.4,111.8,102.4,132.7,11.12,4.6,15.9,True,0.16,0.12,1.06,0.24,0.17,0.7,1.75,4.91,3.06,4.21,0.79,1.3,1.14,0.37
FPL37,U19,DEF,19.0,Spring,16,33.1,11162.7,756.3,126.6,103.6,130.4,4.19,4.7,18.8,True,0.18,0.77,0.96,0.13,0.08,1.67,1.03,7.43,5.07,4.15,0.21,0.35,1.37,0.44
FPL37,U19,DEF,19.0,Spring,17,76.4,7352.7,567.5,109.5,103.9,113.3,12.12,5.5,16.6,True,0.13,0.0,1.66,0.14,0.21,2.75,1.12,6.46,4.2,3.05,1.23,0.0,0.7,0.79
FPL37,U19,DEF,19.0,Spring,18,76.8,10454.1,653.4,126.6,108.1,119.9,9.54,4.1,15.3,True,0.13,0.63,1.13,0.51,0.05,0.0,0.86,5.74,4.48,2.27,0.39,0.68,0.63,0.45
FPL37,U19,DEF,19.0,Spring,19,70.1,10609.5,823.6,143.1,139.5,151.5,10.7,5.8,17.1,True,0.15,0.68,1.72,0.41,0.36,1.53,0.54,7.44,5.16,2.39,0.03,0.64,0.96,0.57
FPL37,U19,DEF,19.0,Spring,20,85.7,12119.1,592.9,123.1,109.3,154.7,9.23,4.3,13.6,True,0.19,0.45,0.94,0.02,0.09,0.96,1.56,6.78,1.51,3.97,0.67,0.66,1.71,0.63
FPL37,U19,DEF,19.0,Spring,21,89.7,8033.0,569.5,109.0,81.0,90.9,12.03,3.7,17.0,True,0.06,0.87,0.85,0.0,0.13,2.39,0.14,6.67,2.96,4.09,0.77,0.56,0.57,0.24
FPL38,U19,ATT,17.1,Autumn,1,27.5,10351.0,676.7,179.2,114.6,96.2,3.63,11.4,4.8,False,,,,,,,,,,,,,,
FPL38,U19,ATT,17.1,Autumn,2,71.4,8143.8,709.4,209.0,145.7,99.5,13.28,9.8,5.6,True,0.21,2.19,1.6,0.62,0.16,4.04,1.37,2.19,1.35,2.06,0.2,0.76,1.14,1.33
FPL38,U19,ATT,17.1,Autumn,3,32.4,10485.3,806.7,188.4,100.7,112.9,4.68,9.6,4.4,False,,,,,,,,,,,,,,
FPL38,U19,ATT,17.1,Autumn,4,65.2,9198.0,611.2,158.3,96.6,90.3,8.67,7.7,3.5,False,,,,,,,,,,,,,,
FPL38,U19,ATT,17.1,Autumn,5,76.1,8930.2,739.6,144.7,117.1,80.3,11.51,8.1,2.8,False,,,,,,,,,,,,,,
FPL38,U19,ATT,17.1,Autumn,6,67.7,10266.0,937.6,196.7,134.9,120.6,11.49,10.6,4.3,False,,,,,,,,,,,,,,
FPL38,U19,ATT,17.1,Spring,7,64.6,9996.4,791.1,205.5,132.7,106.9,10.2,8.4,1.7,True,0.41,1.86,1.34,0.23,0.47,2.07,1.32,1.91,0.0,0.14,0.0,1.45,2.03,0.66
FPL38,U19,ATT,17.1,Spring,8,95.8,10188.9,711.3,235.8,153.2,98.1,14.74,10.9,4.3,True,0.43,1.62,2.6,0.91,0.37,3.36,0.85,3.69,0.0,1.1,0.66,0.03,1.49,0.59
FPL38,U19,ATT,17.1,Spring,9,80.8,10365.8,862.5,169.5,126.7,109.3,12.38,9.7,4.9,True,0.21,1.8,2.33,0.58,0.2,3.49,1.33,1.16,2.34,1.04,0.63,0.21,1.3,0.98
FPL38,U19,ATT,17.1,Spring,10,88.6,9846.9,773.5,177.9,120.2,88.2,13.11,11.5,6.8,True,0.44,1.83,1.85,0.3,0.36,4.57,2.4,2.84,1.91,2.01,0.0,0.28,1.62,0.19
FPL38,U19,ATT,17.1,Spring,11,79.9,8922.4,749.0,175.9,120.4,94.6,12.92,10.2,3.7,True,0.29,1.58,2.02,0.86,0.14,3.56,1.55,0.0,2.49,1.5,0.04,0.28,1.12,1.08
FPL38,U19,ATT,17.1,Spring,12,94.3,9495.6,843.6,170.7,124.0,92.2,15.22,10.1,1.7,True,0.37,1.82,2.18,0.66,0.28,2.43,1.66,1.35,0.22,0.0,1.1,0.0,1.32,0.66
FPL38,U19,ATT,17.1,Spring,13,80.2,9080.9,773.1,174.6,116.5,89.1,12.78,7.7,4.3,True,0.25,0.91,2.08,0.29,0.22,2.61,1.39,2.25,0.77,1.73,0.32,0.0,1.81,0.19
FPL38,U19,ATT,17.1,Spring,14,86.6,10344.4,934.8,182.9,103.5,114.4,13.77,8.9,2.8,False,,,,,,,,,,,,,,
FPL38,U19,ATT,17.1,Spring,15,86.7,10960.9,813.8,185.7,111.3,96.8,11.93,9.8,6.0,True,0.38,1.61,2.21,0.67,0.21,2.41,1.64,2.87,2.13,0.0,0.65,0.17,0.21,0.98
FPL38,U19,ATT,17.1,Spring,16,27.8,12160.1,751.7,176.2,120.8,76.6,3.22,8.4,6.1,False,,,,,,,,,,,,,,
FPL38,U19,ATT,17.1,Spring,17,58.0,10330.6,858.0,197.5,124.3,97.4,8.96,12.1,3.9,True,0.38,1.5,1.98,0.79,0.25,3.44,3.35,2.02,0.54,0.96,0.14,0.77,1.12,0.32
FPL38,U19,ATT,17.1,Spring,18,82.4,12091.2,1150.0,223.2,110.5,96.4,12.94,10.0,5.5,False,,,,,,,,,,,,,,
FPL38,U19,ATT,17.1,Spring,19,90.8,10218.4,830.1,208.8,114.8,113.1,14.21,10.7,2.9,True,0.39,1.64,1.74,0.97,0.24,4.02,1.32,1.59,2.1,0.0,0.0,0.05,1.21,0.78
FPL38,U19,ATT,17.1,Spring,20,77.7,8928.2,999.0,179.7,104.9,125.0,15.03,10.2,2.2,False,,,,,,,,,,,,,,
FPL39,U19,ATT,18.3,Autumn,1,67.3,12437.7,621.0,143.4,126.1,97.5,6.95,10.6,1.6,True,0.35,1.35,2.07,0.42,0.22,3.6,2.7,1.12,0.16,0.0,0.07,1.16,0.84,0.66
FPL39,U19,ATT,18.3,Autumn,2,80.0,8855.2,691.2,135.4,107.7,88.4,11.63,10.7,0.4,True,0.33,2.19,2.27,0.51,0.05,3.47,2.04,0.49,0.0,0.0,0.0,0.63,0.42,0.6
FPL39,U19,ATT,18.3,Autumn,3,22.0,12591.6,716.6,135.9,117.0,100.4,2.37,10.4,2.9,True,0.49,0.89,1.57,0.65,0.19,3.75,2.53,0.05,2.22,0.39,0.0,1.05,1.58,0.86
FPL39,U19,ATT,18.3,Autumn,4,48.0,7853.5,748.3,138.8,106.7,97.0,8.33,10.7,0.4,True,0.46,1.86,2.02,0.55,0.11,4.33,1.49,0.0,0.84,0.0,0.28,0.32,1.82,0.15
FPL39,U19,ATT,18.3,Autumn,5,80.6,11767.2,627.9,154.7,143.7,90.9,9.11,9.2,0.3,True,0.39,1.31,2.08,0.72,0.43,2.79,0.69,0.59,0.0,0.5,0.0,0.09,0.8,0.32
FPL39,U19,ATT,18.3,Autumn,6,26.4,11099.3,538.8,116.0,100.5,88.9,2.59,9.9,2.0,False,,,,,,,,,,,,,,
FPL39,U19,ATT,18.3,Autumn,7,83.1,10435.0,590.3,143.6,129.0,95.0,9.98,8.8,3.8,False,,,,,,,,,,,,,,
FPL39,U19,ATT,18.3,Autumn,8,40.5,11654.6,724.7,152.0,109.9,102.1,4.79,10.0,3.6,True,0.26,1.45,2.19,0.46,0.12,5.13,1.33,1.03,0.0,1.47,0.61,0.91,1.43,0.17
FPL39,U19,ATT,18.3,Spring,9,49.0,12087.7,582.1,178.7,104.4,79.6,4.94,9.5,1.8,False,,,,,,,,,,,,,,
FPL39,U19,ATT,18.3,Spring,10,59.1,9403.2,747.4,148.0,145.9,99.8,9.19,11.2,2.2,True,0.44,1.74,2.82,0.69,0.21,3.65,1.31,0.79,0.0,0.43,1.12,0.69,1.52,0.58
FPL39,U19,ATT,18.3,Spring,11,73.6,10606.6,564.1,139.9,123.5,84.0,8.25,10.7,2.9,True,0.38,1.91,1.17,0.84,0.16,3.98,2.05,1.22,0.7,1.54,0.0,0.06,0.97,0.45
FPL39,U19,ATT,18.3,Spring,12,88.7,11404.8,681.2,180.8,100.0,106.8,10.62,10.1,2.7,False,,,,,,,,,,,,,,
FPL39,U19,ATT,18.3,Spring,13,47.9,10294.3,683.2,132.9,130.1,121.6,6.45,10.2,4.3,True,0.32,1.97,1.62,0.45,0.26,3.85,1.97,1.21,0.0,1.47,1.24,0.0,0.27,0.44
FPL40,U19,DEF,19.0,Autumn,1,72.2,11546.6,577.1,141.7,115.7,130.8,8.02,7.0,22.8,True,0.1,0.0,0.71,0.43,0.4,4.07,1.9,6.38,6.04,4.87,0.38,1.24,0.0,0.06
FPL40,U19,DEF,19.0,Autumn,2,38.1,10818.6,772.2,174.5,117.7,137.9,5.44,7.1,24.9,True,0.04,0.0,1.05,0.44,0.07,5.23,1.77,8.63,2.97,5.7,1.9,2.01,0.0,0.37
FPL40,U19,DEF,19.0,Autumn,3,87.0,12736.5,558.8,129.4,116.3,144.3,8.7,4.8,24.7,False,,,,,,,,,,,,,,
FPL40,U19,DEF,19.0,Autumn,4,65.5,8699.2,480.5,110.7,96.7,110.6,7.98,6.8,23.5,True,0.16,0.04,1.26,0.71,0.2,3.02,1.37,6.32,4.37,5.79,1.81,1.54,0.5,0.36
FPL40,U19,DEF,19.0,Autumn,5,81.9,10974.5,675.8,107.8,101.6,96.7,9.21,6.2,23.8,True,0.08,0.0,1.27,0.35,0.03,3.9,1.57,7.45,6.2,3.77,1.45,1.44,1.03,0.27
FPL40,U19,DEF,19.0,Autumn,6,36.9,8937.1,566.7,134.6,113.9,124.7,5.14,6.5,24.1,False,,,,,,,,,,,,,,
FPL40,U19,DEF,19.0,Autumn,7,92.4,13600.0,786.5,133.1,112.9,130.4,10.01,5.1,23.4,True,0.02,0.09,1.83,0.0,0.13,2.98,1.12,7.31,4.4,5.92,1.04,1.72,0.0,1.08
FPL40,U19,DEF,19.0,Autumn,8,52.6,10339.4,692.1,131.1,87.4,147.7,6.91,7.2,21.8,True,0.09,0.0,0.8,0.57,0.12,4.78,1.86,5.38,3.82,5.11,1.55,2.0,0.23,0.0
FPL40,U19,DEF,19.0,Autumn,9,78.1,12672.4,390.3,97.0,102.7,134.1,6.22,6.7,18.5,True,0.0,0.28,1.67,0.54,0.13,2.32,2.05,6.83,2.32,4.11,1.55,1.25,0.51,0.18
FPL40,U19,DEF,19.0,Autumn,10,26.6,11655.6,525.2,89.2,90.2,123.9,2.48,6.4,19.0,False,,,,,,,,,,,,,,
FPL40,U19,DEF,19.0,Autumn,11,65.9,12947.9,555.3,115.2,86.4,139.4,6.0,5.4,23.5,True,0.02,0.24,0.32,0.16,0.13,2.98,2.39,7.64,4.42,5.5,1.16,1.54,1.0,0.0
FPL40,U19,DEF,19.0,Autumn,12,90.3,13600.0,633.6,103.9,97.0,140.0,8.39,6.5,25.0,False,,,,,,,,,,,,,,
FPL40,U19,DEF,19.0,Autumn,13,86.8,8392.2,576.8,116.4,99.1,119.8,12.3,6.5,25.8,False,,,,,,,,,,,,,,
FPL40,U19,DEF,19.0,Spring,14,64.3,10500.5,661.1,121.7,97.2,148.4,8.17,4.7,25.1,True,0.15,0.0,1.03,0.0,0.07,3.42,1.07,9.25,3.48,4.89,1.89,2.46,1.26,0.1
FPL40,U19,DEF,19.0,Spring,15,75.2,13101.0,656.0,132.6,122.0,143.0,7.94,6.8,20.9,True,0.17,0.73,1.59,0.0,0.09,3.45,1.75,5.66,4.04,3.96,1.53,2.13,0.45,0.0
FPL40,U19,DEF,19.0,Spring,16,85.8,11337.0,521.3,175.7,127.4,117.9,9.66,6.1,23.5,True,0.05,0.06,2.24,0.11,0.04,2.78,1.73,8.73,4.5,3.7,1.48,1.7,0.0,0.5
FPL40,U19,DEF,19.0,Spring,17,87.6,11941.2,645.5,149.3,82.1,99.8,9.04,6.5,24.8,True,0.04,0.37,1.1,0.03,0.17,5.03,1.47,8.03,5.1,4.58,1.53,1.96,0.58,0.43
FPL40,U19,DEF,19.0,Spring,18,71.0,11252.9,528.3,129.2,134.1,144.2,8.07,7.2,24.3,False,,,,,,,,,,,,,,
FPL40,U19,DEF,19.0,Spring,19,64.6,11481.2,569.0,172.8,105.3,109.2,7.07,7.7,23.0,True,0.16,0.47,1.08,0.24,0.19,4.68,1.94,8.59,4.56,4.42,0.8,1.69,0.93,0.0
FPL40,U19,DEF,19.0,Spring,20,36.8,12161.7,571.7,119.3,98.5,112.8,3.55,7.7,23.2,True,0.08,0.55,1.28,0.4,0.16,3.37,2.51,5.71,4.85,5.16,1.67,1.97,0.62,0.2
FPL40,U19,DEF,19.0,Spring,21,69.4,13600.0,436.6,106.4,93.8,128.4,5.31,7.1,20.7,True,0.0,0.24,0.63,0.58,0.15,4.02,2.42,5.41,5.18,3.27,1.81,0.98,0.08,0.0
FPL40,U19,DEF,19.0,Spring,22,57.6,8902.0,542.4,103.7,86.9,126.0,7.27,8.9,19.5,True,0.08,0.42,1.09,0.32,0.25,5.51,2.7,6.25,4.03,4.87,1.02,0.45,0.48,0.03
FPL40,U19,DEF,19.0,Spring,23,30.4,10348.4,501.2,146.1,94.9,133.0,3.46,7.2,25.7,True,0.09,0.4,2.02,0.05,0.02,4.7,1.6,6.82,5.21,4.69,1.5,3.16,0.5,0.18
FPL40,U19,DEF,19.0,Spring,24,68.5,12577.0,746.7,177.0,95.8,137.8,8.06,7.6,28.1,True,0.22,0.0,0.71,0.66,0.08,2.78,3.11,9.15,5.44,5.5,1.8,1.81,0.63,0.0
FPL40,U19,DEF,19.0,Spring,25,54.9,10469.0,572.3,156.7,130.5,119.0,6.85,6.3,23.5,True,0.0,0.47,0.58,0.5,0.28,2.33,2.28,6.88,4.86,5.5,1.63,1.0,0.91,0.0
FPL40,U19,DEF,19.0,Spring,26,93.3,12663.1,453.2,138.1,92.1,122.4,8.03,5.8,25.7,True,0.0,0.0,0.62,0.25,0.13,4.34,1.86,6.23,5.34,5.66,1.19,2.63,0.0,0.17
FPL40,U19,DEF,19.0,Spring,27,69.7,10912.1,546.3,143.8,115.0,152.2,8.29,6.1,23.9,True,0.0,0.0,1.41,0.04,0.12,4.47,1.68,7.18,5.14,4.62,1.78,1.04,0.27,0.0
FPL40,U19,DEF,19.0,Spring,28,90.5,13600.0,595.5,149.8,112.0,131.3,8.7,6.0,29.9,True,0.03,0.06,1.85,0.26,0.24,3.65,0.87,7.94,7.22,5.47,2.26,1.78,0.84,0.0
FPL40,U19,DEF,19.0,Spring,29,57.9,10254.8,646.0,156.6,111.1,141.1,7.83,7.6,25.4,True,0.02,0.0,1.78,0.35,0.14,4.91,1.91,7.57,4.6,5.27,2.18,1.43,0.29,0.0
FPL40,U19,DEF,19.0,Spring,30,66.7,8955.2,610.8,139.9,91.7,114.5,9.19,6.3,29.7,True,0.11,0.61,0.5,0.7,0.1,1.98,2.08,9.07,5.54,7.1,1.6,1.91,0.79,0.11
